item_id,element_name,en,es,de,fr,nl
parent_survey_family_001,CaregiverSurveyIntroB,"<block><b><font face=""Verdana"" size=""4"">
Thank you again for participating in this research project!</b><br> <br> <p><font face=""Verdana"" size=""4"">The following survey will take approximately 20-30 minutes to complete and will ask questions about your home and yourself.<br><br>We appreciate you answering as completely and accurately as possible with the information you have available to you. If you have questions about this survey, please reach out to the research coordinator. <br><br>When you are ready to begin, select the “start survey” button. <br><br><b><font face=""Verdana"" size=""4"">Thank you!","<block><b><font face=""Verdana"" size=""4""> ¡Gracias de nuevo por participar en este proyecto de investigación! </b><br> <br> <p><font face=""Verdana"" size=""4"">Estimamos que diligenciar la siguiente parte de la encuesta le tomará aproximadamente 20-30 minutos. En esta encuesta se le harán preguntas sobre su hogar y sobre usted mismo(a).<br><br>Le agradecemos que responda la encuesta de la forma más precisa posible con la información que tiene disponible. Si tiene alguna duda, comuníquesela a quien coordina esta aplicación. <br><br>Cuando esté listo(a) para empezar, seleccione el botón ""Comenzar Encuesta"".<br><br><b><font face=""Verdana"" size=""4"">¡Muchas gracias!","<block><b><font face=""Verdana"" size=""4"">Nochmals vielen Dank für die Teilnahme an diesem Forschungsprojekt! </b><br> <br> <p><font face=""Verdana"" size=""4"">Dieser Teil der Umfrage dauert etwa 20-30 Minuten und enthält Fragen zu Ihnen selbst und zu Ihrem häuslichen Umfeld.<br><br>Wir bitten Sie, die Fragen so vollständig und genau wie möglich zu beantworten. Wenn Sie Fragen zu dieser Umfrage haben, wenden Sie sich bitte an die Forschungskoordinatorin (luise_hornoff@eva.mpg.de).<br><br>Wenn Sie bereit sind zu beginnen, klicken Sie auf ""Umfrage starten"".<br><br><b><font face=""Verdana"" size=""4"">Vielen Dank!",,
parent_survey_family_002,HomeNeighborhood,Please answer the following questions about the community in which you live.,Responda a las siguientes preguntas sobre la comunidad en la que vive.,"Bitte beantworten Sie die folgenden Fragen zu der Gemeinschaft, in der Sie leben.",,
parent_survey_family_003,HomeNSCHi7a,"In your neighborhood, are there sidewalks or walking paths?",¿En su vecindario hay aceras o caminos peatonales?,Gibt es in Ihrer Nachbarschaft Bürgersteige oder Spazierwege?,,
parent_survey_family_004,HomeNSCHi7a,Yes,Sí,Ja,,
parent_survey_family_005,HomeNSCHi7a,No,,Nein,,
parent_survey_family_006,HomeNSCHi7b,"In your neighborhood, is there a park or playground?",¿En su vecindario hay un parque o área de juegos?,Gibt es in Ihrer Nachbarschaft einen Park oder Spielplatz?,,
parent_survey_family_007,HomeNSCHi7b,Yes,Sí,Ja,,
parent_survey_family_008,HomeNSCHi7b,No,,Nein,,
parent_survey_family_009,HomeNSCHi7c,"In your neighborhood, is there a community center or recreation center where families get together?",¿En su vecindario hay un centro de recreación o centro comunitario donde se reúnen las familias?,"Gibt es in Ihrer Nachbarschaft ein Gemeindezentrum oder ein Freizeitzentrum, in dem sich Familien treffen?",,
parent_survey_family_010,HomeNSCHi7c,Yes,Sí,Ja,,
parent_survey_family_011,HomeNSCHi7c,No,,Nein,,
parent_survey_family_012,HomeNSCHi7d,"In your neighborhood, is there a library or other place to get free books?",¿En su vecindario hay una biblioteca o un lugar donde conseguir libros gratis?,"Gibt es in Ihrer Nachbarschaft eine Bibliothek oder einen anderen Ort, an dem man kostenlose Bücher erhalten kann?",,
parent_survey_family_013,HomeNSCHi7d,Yes,Sí,Ja,,
parent_survey_family_014,HomeNSCHi7d,No,,Nein,,
parent_survey_family_015,HomeNSCHi7e,"In your neighborhood, is there litter or garbage on the street or sidewalk?",¿En su vecindario hay basura o desperdicios en las calles o aceras?,Gibt es in Ihrer Nachbarschaft Abfall oder Müll auf der Straße oder dem Gehweg?,,
parent_survey_family_016,HomeNSCHi7e,Yes,Sí,Ja,,
parent_survey_family_017,HomeNSCHi7e,No,,Nein,,
parent_survey_family_018,HomeNSCHi7f,In your neighborhood is there poorly kept or rundown housing?,¿En su vecindario hay viviendas deterioradas o en mal estado?,Gibt es in Ihrer Nachbarschaft schlecht erhaltene oder heruntergekommene Wohnungen?,,
parent_survey_family_019,HomeNSCHi7f,Yes,Sí,Ja,,
parent_survey_family_020,HomeNSCHi7f,No,,Nein,,
parent_survey_family_021,HomeNSCHi7g,"In your neighborhood, is there vandalism such as broken windows or graffiti?","¿En su vecindario hay vandalismo, como romper ventanas o pintar grafitis?",Gibt es in Ihrer Nachbarschaft Vandalismus wie z.B. eingeschlagene Fensterscheiben oder Graffiti?,,
parent_survey_family_022,HomeNSCHi7g,Yes,Sí,Ja,,
parent_survey_family_023,HomeNSCHi7g,No,,Nein,,
parent_survey_family_024,HomeNSCHi8items,To what extent do you agree with these statements about your neighborhood or community?,¿En qué medida está de acuerdo con estas afirmaciones sobre su vecindario o comunidad?,Inwieweit stimmen Sie diesen Aussagen über Ihre Nachbarschaft oder Gemeinde zu?,,
parent_survey_family_025,HomeNSCHi8items,Definitely Agree,Definitivamente de acuerdo,Voll und ganz zustimmen,,
parent_survey_family_026,HomeNSCHi8items,Somewhat Agree,Algo de acuerdo,Eher zustimmen,,
parent_survey_family_027,HomeNSCHi8items,Somewhat Disagree,Algo en descuerdo,Eher nicht zustimmen,,
parent_survey_family_028,HomeNSCHi8items,Definitely Disagree,Definitivamente en desacuerdo,Überhaupt nicht zustimmen,,
parent_survey_family_029,HomeNSCHi8items,People in your neighborhood help each other out.,La gente de su vecindario se ayuda mutuamente.,Die Menschen in deiner Nachbarschaft helfen sich gegenseitig.,,
parent_survey_family_030,HomeNSCHi8items,People in your neighborhood watch out for each other's children.,La gente de su vecindario cuida mutuamente de nuestros niños(as).,Die Menschen in Ihrer Nachbarschaft passen auf die Kinder der anderen auf.,,
parent_survey_family_031,HomeNSCHi8items,Your child is safe in your neighborhood.,Su niño(a) está seguro(a) en su vecindario.,Ihr Kind ist in Ihrer Nachbarschaft sicher.,,
parent_survey_family_032,HomeNSCHi8items,"When you encounter difficulties, you know where to go for help in your community.","Ustedes saben a quién acudir en su comunidad para buscar ayuda, cuando enfrentan dificultades.","Wenn Sie auf Schwierigkeiten stoßen, wissen Sie, an wen Sie sich in Ihrer Gemeinde wenden können, um Hilfe zu erhalten.",,
parent_survey_family_033,HomeNSCHi8items,Your child is safe at school.,Su niño(a) está seguro(a) en la escuela.,Ihr Kind ist in der Schule sicher.,,
parent_survey_family_034,HomeFood,"These are statements people have made about their food situation. For these statements, please mark whether the statement was often true, sometimes true, or never true for your household in the <b>last 12 months</b>.","Estas son declaraciones que las personas han hecho sobre situaciones alimentarias. Para cada uno, favor de indicar si ha ocurrido frecuentemente, a veces, o nunca (a Ud. / en su hogar) en <b>los últimos 12 meses</b>.","Dies sind Aussagen, die Menschen über ihre Ernährungssituation gemacht haben. Bitte kreuzen Sie für diese Aussagen an, ob die Aussage in den <b>letzten 12 Monaten</b> für Ihren Haushalt oft, manchmal oder nie stimmte.",,
parent_survey_family_035,HomeFoodLast,"The food that we bought just didn't last, and we didn't have enough money to get more.","La comida que comprábamos no alcanzaba, y no teníamos dinero para comprar más.","Die Lebensmittel, die wir gekauft hatten, reichten einfach nicht aus, und wir hatten nicht genug Geld, um mehr zu kaufen.",,
parent_survey_family_036,HomeFoodLast,Never true,Nunca,Trifft nie zu,,
parent_survey_family_037,HomeFoodLast,Sometimes true,A veces,Trifft manchmal zu,,
parent_survey_family_038,HomeFoodLast,Often true,Frecuentemente,Trifft oft zu,,
parent_survey_family_039,HomeFoodBalanced,We couldn't afford to eat balanced meals.,No teníamos recursos suficientes para comer comida variada y nutritiva.,"Wir konnten es uns nicht leisten, ausgewogene Mahlzeiten zu essen.",,
parent_survey_family_040,HomeFoodBalanced,Never true,Nunca,Trifft nie zu,,
parent_survey_family_041,HomeFoodBalanced,Sometimes true,A veces,Trifft manchmal zu,,
parent_survey_family_042,HomeFoodBalanced,Often true,Frecuentemente,Trifft oft zu,,
parent_survey_family_043,HomeFoodSkipMeal,"In the <b>last 12 months</b>, did you or other adults in your household ever cut the size of your meals or skip meals because there wasn't enough money for food?","En <b>los últimos 12 meses</b>, ¿usted u otros adultos del hogar redujeron la cantidad de sus comidas o se saltaron comidas porque les faltaba dinero para alimentos?","Haben Sie oder andere Erwachsene in Ihrem Haushalt in den <b>letzten 12 Monaten</b> jemals die Menge Ihrer Mahlzeiten reduziert oder Mahlzeiten ausgelassen, weil nicht genug Geld für Lebensmittel vorhanden war?",,
parent_survey_family_044,HomeFoodSkipMeal,Yes,Sí,Ja,,
parent_survey_family_045,HomeFoodSkipMeal,No,,Nein,,
parent_survey_family_046,HomeFoodSkipMealAmount,"If yes, how often did this happen - almost every month, some months but not every month, or in only 1 or 2 months?","En caso afirmativo, ¿con qué frecuencia: casi todos los meses, algunos meses, solo 1 o 2 meses?","Wenn ja, wie oft ist kam dies vor - fast jeden Monat, in einigen Monaten aber nicht in jedem Monat, nur in 1 oder 2 Monaten?",,
parent_survey_family_047,HomeFoodSkipMealAmount,Almost every month,Casi todos los meses,Fast jeden Monat,,
parent_survey_family_048,HomeFoodSkipMealAmount,Some months but not every month,Algunos meses,In einigen Monaten aber nicht jeden Monat,,
parent_survey_family_049,HomeFoodSkipMealAmount,Only 1 or 2 months,Solo 1 ó 2 meses,Nur in 1 oder 2 Monaten,,
parent_survey_family_050,HomeCHAOS,Below are statements about the environment in your home. Please indicate how much you agree that the statement is true of your home.,A continuación encontrará una serie de afirmaciones sobre el entorno de su hogar. Indique qué tan cierta es cada afirmación para su hogar.,"Im Folgenden finden Sie Aussagen über die häusliche Umgebung. Bitte geben Sie an, inwieweit Sie der Aussage zustimmen, dass sie auf Ihr Zuhause zutrifft.",,
parent_survey_family_051,HomeCHAOS4,We are usually able to stay on top of things.,Normalmente somos capaces de estar al día con las actividades.,"Wir sind in der Regel in der Lage, den Überblick zu behalten.",,
parent_survey_family_052,HomeCHAOS4,Definitely Untrue,Totalmente falso,Definitiv unwahr,,
parent_survey_family_053,HomeCHAOS4,Somewhat Untrue,Algo falso,Eher unwahr,,
parent_survey_family_054,HomeCHAOS4,Somewhat True,Algo verdadero,Eher wahr,,
parent_survey_family_055,HomeCHAOS4,Definitely True,Totalmente verdadero,Definitiv wahr,,
parent_survey_family_056,HomeCHAOS10,You can't hear yourself think in our home.,En nuestra casa hay tanto ruido que no escuchas ni tus pensamientos.,Bei uns zu Hause versteht man sein eigenes Wort nicht.,,
parent_survey_family_057,HomeCHAOS10,Definitely Untrue,Totalmente falso,Definitiv unwahr,,
parent_survey_family_058,HomeCHAOS10,Somewhat Untrue,Algo falso,Eher unwahr,,
parent_survey_family_059,HomeCHAOS10,Somewhat True,Algo verdadero,Eher wahr,,
parent_survey_family_060,HomeCHAOS10,Definitely True,Totalmente verdadero,Definitiv wahr,,
parent_survey_family_061,HomeCHAOS14,The atmosphere in our home is calm.,El ambiente de nuestra casa es muy calmado.,Die Atmosphäre in unserem Haus ist ruhig.,,
parent_survey_family_062,HomeCHAOS14,Definitely Untrue,Totalmente falso,Definitiv unwahr,,
parent_survey_family_063,HomeCHAOS14,Somewhat Untrue,Algo falso,Eher unwahr,,
parent_survey_family_064,HomeCHAOS14,Somewhat True,Algo verdadero,Eher wahr,,
parent_survey_family_065,HomeCHAOS14,Definitely True,Totalmente verdadero,Definitiv wahr,,
parent_survey_family_066,HomeCHAOS15,We have a regular morning routine at home.,"En nuestra casa, tenemos una rutina matutina regular.",Wir haben zu Hause eine regelmäßige Morgenroutine.,,
parent_survey_family_067,HomeCHAOS15,Definitely Untrue,Totalmente falso,Definitiv unwahr,,
parent_survey_family_068,HomeCHAOS15,Somewhat Untrue,Algo falso,Eher unwahr,,
parent_survey_family_069,HomeCHAOS15,Somewhat True,Algo verdadero,Eher wahr,,
parent_survey_family_070,HomeCHAOS15,Definitely True,Totalmente verdadero,Definitiv wahr,,
parent_survey_family_071,SelfParentStressNSCHh8,How well do you think you are handling the day-to-day demands of raising children?,¿Qué tan bien cree usted que está manejando las exigencias diarias de la crianza de los niños?,"Was glauben Sie, wie gut Sie mit den täglichen Anforderungen der Kindererziehung zurechtkommen?",,
parent_survey_family_072,SelfParentStressNSCHh8,Very well,Muy bien,Sehr gut,,
parent_survey_family_073,SelfParentStressNSCHh8,Somewhat well,Bien,Eher gut,,
parent_survey_family_074,SelfParentStressNSCHh8,Not very well,No muy bien,Nicht sehr gut,,
parent_survey_family_075,SelfParentStressNSCHh8,Not well at all,Muy mal,Überhaupt nicht gut,,
parent_survey_family_076,SelfAnxDep,"Over the <b>last two weeks</b>, how often have you been bothered by the following problems?","En las <b>últimas dos semanas</b>, ¿con qué frecuencia se sintió usted afectado por los siguientes problemas?",Wie oft wurden Sie in den <b>letzten zwei Wochen</b> von den folgenden Problemen geplagt?,,
parent_survey_family_077,SelfAnxDep,Not at all,Nunca,Überhaupt nicht,,
parent_survey_family_078,SelfAnxDep,Several days,Varios días,Mehrere Tage,,
parent_survey_family_079,SelfAnxDep,More than half of the days,Más de la mitad de los días,Mehr als die Hälfte der Tage,,
parent_survey_family_080,SelfAnxDep,Nearly every day,Casi todos los días,Fast jeden Tag,,
parent_survey_family_081,SelfAnxDep,"Feeling nervous, anxious, or on edge","Nerviosismo, ansiedad o irritabilidad","Sich nervös, ängstlich oder gereizt fühlen",,
parent_survey_family_082,SelfAnxDep,Not being able to stop or control worrying,No poder parar o controlar las preocupaciones,"Nicht in der Lage zu sein, das Grübeln zu beenden oder zu kontrollieren",,
parent_survey_family_083,SelfAnxDep,"Feeling down, depressed, or hopeless","Sentirse decaído, deprimido o desesperanzado.","Sich niedergeschlagen, deprimiert oder hoffnungslos fühlen",,
parent_survey_family_084,SelfAnxDep,Little interest or pleasure in doing things,Poco interés o placer por hacer cosas,Wenig Interesse oder Freude am Tun,,
parent_survey_family_085,SelfSupport,We are interested in how you feel about the following statements. Read each statement carefully. Indicate how you feel about each statement.,Nos interesa conocer su opinión sobre las siguientes afirmaciones. Léalas atentamente e indique cómo se siente respecto a cada una.,"Uns interessiert, wie Sie zu den folgenden Aussagen stehen. Lesen Sie jede Aussage sorgfältig durch. Geben Sie an, wie Sie über jede Aussage denken.",,
parent_survey_family_086,SelfSupport,Very Strongly Disagree,Totalmente en desacuerdo,Sehr stark ablehnen,,
parent_survey_family_087,SelfSupport,Strongly Disagree,Muy en desacuerdo,Stark ablehnen,,
parent_survey_family_088,SelfSupport,Mildly Disagree,Algo en desacuerdo,Leicht ablehnen,,
parent_survey_family_089,SelfSupport,Mildly Agree,Ligeramente de acuerdo,Leicht zustimmen,,
parent_survey_family_090,SelfSupport,Strongly Agree,Muy de acuerdo,Stark zustimmen,,
parent_survey_family_091,SelfSupport,Very Strongly Agree,Totalmente de acuerdo,Sehr stark zustimmen,,
parent_survey_family_092,SelfSupport,"There is a special person (ex: spouse, partner, etc.) who is around when I am in need.","Hay una persona especial (cónyuge, pareja, etc.) que está a mi lado cuando la necesito.","Es gibt eine besondere Person (z. B. Ehepartner, Partner usw.), die für mich da ist, wenn ich in Not bin.",,
parent_survey_family_093,SelfSupport,"There is a special person (ex: spouse, partner, etc.) with whom I can share joys and sorrows.","Hay una persona especial (cónyuge, pareja, etc.) con la que puedo compartir alegrías y penas.","Es gibt eine besondere Person (z. B. Ehepartner, Partner usw.), mit der ich Freud und Leid teilen kann.",,
parent_survey_family_094,SelfSupport,My family really tries to help me.,Mi familia realmente trata de ayudarme.,"Meine Familie versucht wirklich, mir zu helfen.",,
parent_survey_family_095,SelfSupport,I get the emotional help & support I need from my family.,Recibo la ayuda y el apoyo emocional que necesito de mi familia.,"Ich bekomme die emotionale Hilfe und Unterstützung, die ich brauche, von meiner Familie.",,
parent_survey_family_096,SelfSupport,"I have a special person (ex: spouse, partner, etc.) who is a real source of comfort to me.","Tengo una persona especial (cónyuge, pareja, etc.) que es una verdadera fuente de consuelo para mí.","Ich habe eine besondere Person (z. B. Ehepartner, Partner usw.), die mir wirklich Trost spendet.",,
parent_survey_family_097,SelfSupport,My friends really try to help me.,Mis amigos realmente tratan de ayudarme.,"Meine Freunde versuchen wirklich, mir zu helfen.",,
parent_survey_family_098,SelfSupport,I can count on my friends when things go wrong.,Puedo contar con mis amigos cuando las cosas van mal.,"Ich kann auf meine Freunde zählen, wenn etwas schief läuft.",,
parent_survey_family_099,SelfSupport,I can talk about my problems with my family.,Puedo hablar de mis problemas con mi familia.,Ich kann über meine Probleme mit meiner Familie sprechen.,,
parent_survey_family_100,SelfSupport,I have friends with whom I can share my joys and sorrows.,Tengo amigos con los que puedo compartir mis alegrías y mis penas.,"Ich habe Freunde, mit denen ich meine Freuden und Sorgen teilen kann.",,
parent_survey_family_101,SelfSupport,"There is a special person (ex: spouse, partner, etc.) in my life who cares about my feelings.","Hay una persona especial (cónyuge, pareja, etc.) en mi vida que se preocupa por mis sentimientos.","Es gibt eine besondere Person (z. B. Ehepartner, Partner usw.) in meinem Leben, die sich um meine Gefühle kümmert.",,
parent_survey_family_102,SelfSupport,My family is willing to help me make decisions.,Mi familia está dispuesta a ayudarme a tomar decisiones.,"Meine Familie ist bereit, mir bei Entscheidungsfindungen zu helfen.",,
parent_survey_family_103,SelfSupport,I can talk about my problems with my friends.,Puedo hablar de mis problemas con mis amigos.,Ich kann mit meinen Freunden über meine Probleme sprechen.,,
parent_survey_family_104,SelfDiscrim,In your day-to-day life how often have any of the following things happened to you?,"En su vida cotidiana, ¿con qué frecuencia ha vivido usted alguna de las siguientes situaciones?",Wie oft ist Ihnen in Ihrem Alltag eines der folgenden Dinge passiert?,,
parent_survey_family_105,SelfDiscrim,Never,Nunca,Nie,,
parent_survey_family_106,SelfDiscrim,Less than once a year,Menos de una vez al año,Weniger als einmal im Jahr,,
parent_survey_family_107,SelfDiscrim,A few times a year,Algunas veces al año,Ein paar Mal im Jahr,,
parent_survey_family_108,SelfDiscrim,A few times a month,Algunas veces al mes,Ein paar Mal im Monat,,
parent_survey_family_109,SelfDiscrim,At least once a week,Al menos una vez a la semana,Mindestens einmal in der Woche,,
parent_survey_family_110,SelfDiscrim,Almost everyday,Casi todos los días,Fast jeden Tag,,
parent_survey_family_111,SelfDiscrim,You are treated with less courtesy or respect than other people.,Le tratan con menos cortesía o respeto que a otras personas.,Sie werden mit weniger Höflichkeit oder Respekt behandelt als andere Menschen.,,
parent_survey_family_112,SelfDiscrim,You receive poorer service than other people at restaurants or stores.,Le atienden peor que a otras personas en restaurantes o tiendas.,Sie werden in Restaurants oder Geschäften schlechter bedient als andere Menschen.,,
parent_survey_family_113,SelfDiscrim,People act as if they think you are not smart.,La gente actúa como si pensara que usted no es muy inteligente.,"Die Leute tun so, als ob sie der Meinung wären, dass sie nicht intelligent sind.",,
parent_survey_family_114,SelfDiscrim,People act as if they are afraid of you.,La gente actúa como si le tuviera miedo.,"Die Leute tun so, als hätten sie Angst vor Ihnen.",,
parent_survey_family_115,SelfDiscrim,You are threatened or harassed.,Le amenazan o acosan.,Sie werden bedroht oder belästigt.,,
parent_survey_family_116,SelfLifeChanges,Please select Yes or No to indicate whether each event has happened to you <b>in the past year</b>.,Indique con Sí o No si le ha sucedido alguna de las siguientes cosas <b>en el último año</b>.,"Bitte wählen Sie ""Ja"" oder""Nein"", um anzugeben, ob Ihnen das jeweilige Ereignis im vergangenen Jahr widerfahren ist.",,
parent_survey_family_117,SelfLifeChangesHealth,Health:,Salud:,Gesundheit:,,
parent_survey_family_118,SelfLifeChanges1,"An injury or illness which kept you in bed a week or more, or sent you to the hospital.","Una lesión o enfermedad que le haya mantenido en cama una semana o más, o que le haya mandado al hospital.","Eine Verletzung oder Krankheit, wegen der Sie mindestens eine Woche oder länger im Bett liegen mussten oder Sie ins Krankenhaus brachte.",,
parent_survey_family_119,SelfLifeChanges1,Yes,Sí,Ja,,
parent_survey_family_120,SelfLifeChanges1,No,,Nein,,
parent_survey_family_121,SelfLifeChanges2,An injury or illness which was less serious than above but still sent you to the doctor or kept you in bed for a day or two.,"Una lesión o enfermedad menos grave que las anteriores, pero que le haya obligado a ir al médico o a guardar cama uno o dos días.","Eine Verletzung oder Erkrankung, die weniger schwerwiegend ist als die oben genannten, die aber dennoch einen Arztbesuch oder Bettruhe für ein oder zwei Tage erforderlich machte.",,
parent_survey_family_122,SelfLifeChanges2,Yes,Sí,Ja,,
parent_survey_family_123,SelfLifeChanges2,No,,Nein,,
parent_survey_family_124,SelfLifeChanges3,Major dental work.,Tratamiento dental importante.,Größere zahnärztliche Behandlungen.,,
parent_survey_family_125,SelfLifeChanges3,Yes,Sí,Ja,,
parent_survey_family_126,SelfLifeChanges3,No,,Nein,,
parent_survey_family_127,SelfLifeChanges4,Major change in eating habits.,Cambio importante en los hábitos alimentarios.,Wesentliche Änderung der Essgewohnheiten.,,
parent_survey_family_128,SelfLifeChanges4,Yes,Sí,Ja,,
parent_survey_family_129,SelfLifeChanges4,No,,Nein,,
parent_survey_family_130,SelfLifeChanges5,Major change in sleeping habits.,Cambio importante en los hábitos de sueño.,Wesentliche Änderung der Schlafgewohnheiten.,,
parent_survey_family_131,SelfLifeChanges5,Yes,Sí,Ja,,
parent_survey_family_132,SelfLifeChanges5,No,,Nein,,
parent_survey_family_133,SelfLifeChanges6,Major change in your usual type and/or amount of recreation.,Cambio importante en el tipo o la cantidad de tiempo de ocio habitual.,Wesentliche Änderung der Art und/oder des Umfangs Ihrer üblichen Freizeitgestaltung.,,
parent_survey_family_134,SelfLifeChanges6,Yes,Sí,Ja,,
parent_survey_family_135,SelfLifeChanges6,No,,Nein,,
parent_survey_family_136,SelfLifeChangesWork,Work:,Trabajo:,Arbeit:,,
parent_survey_family_137,SelfLifeChanges7,Change to a new type of work.,Cambio de tipo de trabajo.,Wechsel zu einer neuen Art von Arbeit.,,
parent_survey_family_138,SelfLifeChanges7,Yes,Sí,Ja,,
parent_survey_family_139,SelfLifeChanges7,No,,Nein,,
parent_survey_family_140,SelfLifeChanges8,Change in your work hours or conditions.,Cambio de horario o de condiciones de trabajo.,Änderung der Arbeitszeiten oder -bedingungen.,,
parent_survey_family_141,SelfLifeChanges8,Yes,Sí,Ja,,
parent_survey_family_142,SelfLifeChanges8,No,,Nein,,
parent_survey_family_143,SelfLifeChanges9,Change in your responsibilities at work (more responsibilities).,Cambio de responsabilidades en el trabajo (más responsabilidades).,Änderung Ihrer Verantwortlichkeiten am Arbeitsplatz (mehr Verantwortung).,,
parent_survey_family_144,SelfLifeChanges9,Yes,Sí,Ja,,
parent_survey_family_145,SelfLifeChanges9,No,,Nein,,
parent_survey_family_146,SelfLifeChanges10,Change in your responsibilities at work (fewer responsibilities).,Cambio de responsabilidades en el trabajo (menos responsabilidades).,Änderung Ihrer Verantwortlichkeiten am Arbeitsplatz (weniger Verantwortlichkeiten).,,
parent_survey_family_147,SelfLifeChanges10,Yes,Sí,Ja,,
parent_survey_family_148,SelfLifeChanges10,No,,Nein,,
parent_survey_family_149,SelfLifeChanges11,Change in your responsibilities at work (promotion).,Cambio de responsabilidades en el trabajo (ascenso).,Änderung Ihrer Verantwortlichkeiten am Arbeitsplatz (Beförderung).,,
parent_survey_family_150,SelfLifeChanges11,Yes,Sí,Ja,,
parent_survey_family_151,SelfLifeChanges11,No,,Nein,,
parent_survey_family_152,SelfLifeChanges12,Change in your responsibilities at work (demotion).,Cambio de responsabilidades en el trabajo (descenso).,Änderung Ihrer Verantwortlichkeiten am Arbeitsplatz (Herunterstufung).,,
parent_survey_family_153,SelfLifeChanges12,Yes,Sí,Ja,,
parent_survey_family_154,SelfLifeChanges12,No,,Nein,,
parent_survey_family_155,SelfLifeChanges13,Change in your responsibilities at work (transfer).,Cambio de responsabilidades en el trabajo (traslado).,Änderung Ihrer Verantwortlichkeiten am Arbeitsplatz (Versetzung).,,
parent_survey_family_156,SelfLifeChanges13,Yes,Sí,Ja,,
parent_survey_family_157,SelfLifeChanges13,No,,Nein,,
parent_survey_family_158,SelfLifeChanges14,Troubles at work (with your boss).,Problemas en el trabajo (con el jefe).,Probleme bei der Arbeit (mit Ihrem Chef).,,
parent_survey_family_159,SelfLifeChanges14,Yes,Sí,Ja,,
parent_survey_family_160,SelfLifeChanges14,No,,Nein,,
parent_survey_family_161,SelfLifeChanges15,Troubles at work (with your coworkers).,Problemas en el trabajo (con los compañeros).,Probleme bei der Arbeit (mit Ihren Kollegen).,,
parent_survey_family_162,SelfLifeChanges15,Yes,Sí,Ja,,
parent_survey_family_163,SelfLifeChanges15,No,,Nein,,
parent_survey_family_164,SelfLifeChanges16,Troubles at work (with persons under your supervision).,Problemas en el trabajo (con subalternos).,Probleme bei der Arbeit (mit den Ihnen unterstellten Personen).,,
parent_survey_family_165,SelfLifeChanges16,Yes,Sí,Ja,,
parent_survey_family_166,SelfLifeChanges16,No,,Nein,,
parent_survey_family_167,SelfLifeChanges17,Other work problems.,Otros problemas laborales.,Andere Arbeitsprobleme.,,
parent_survey_family_168,SelfLifeChanges17,Yes,Sí,Ja,,
parent_survey_family_169,SelfLifeChanges17,No,,Nein,,
parent_survey_family_170,SelfLifeChanges18,Major business adjustment.,Cambios importantes de la empresa.,Größere geschäftliche Anpassungen.,,
parent_survey_family_171,SelfLifeChanges18,Yes,Sí,Ja,,
parent_survey_family_172,SelfLifeChanges18,No,,Nein,,
parent_survey_family_173,SelfLifeChanges19,Retirement.,Jubilación.,Ruhestand.,,
parent_survey_family_174,SelfLifeChanges19,Yes,Sí,Ja,,
parent_survey_family_175,SelfLifeChanges19,No,,Nein,,
parent_survey_family_176,SelfLifeChanges20,Loss of a job (laid off from work).,Despido con indemnización,Verlust des Arbeitsplatzes (Entlassung).,,
parent_survey_family_177,SelfLifeChanges20,Yes,Sí,Ja,,
parent_survey_family_178,SelfLifeChanges20,No,,Nein,,
parent_survey_family_179,SelfLifeChanges21,Loss of a job (fired from work).,Despido sin indemnización,Verlust des Arbeitsplatzes (gekündigt werden).,,
parent_survey_family_180,SelfLifeChanges21,Yes,Sí,Ja,,
parent_survey_family_181,SelfLifeChanges21,No,,Nein,,
parent_survey_family_182,SelfLifeChanges22,Taking a course to help you with your work.,Realización de un curso para ayudarle en su trabajo.,"Teilnahme an einem Kurs, der Ihnen bei Ihrer Arbeit hilft.",,
parent_survey_family_183,SelfLifeChanges22,Yes,Sí,Ja,,
parent_survey_family_184,SelfLifeChanges22,No,,Nein,,
parent_survey_family_185,SelfLifeChangesHome,Home and Family:,Hogar y Familia:,Haus und Familie:,,
parent_survey_family_186,SelfLifeChanges23,Major change in living conditions.,Cambio importante en las condiciones de vida.,Wesentliche Änderung der Lebensumstände.,,
parent_survey_family_187,SelfLifeChanges23,Yes,Sí,Ja,,
parent_survey_family_188,SelfLifeChanges23,No,,Nein,,
parent_survey_family_189,SelfLifeChanges24,Change in residence (move within the same town or city).,"Cambio de residencia (traslado dentro de la misma vereda, pueblo o ciudad).",Wechsel des Wohnsitzes (Umzug innerhalb derselben Stadt).,,
parent_survey_family_190,SelfLifeChanges24,Yes,Sí,Ja,,
parent_survey_family_191,SelfLifeChanges24,No,,Nein,,
parent_survey_family_192,SelfLifeChanges25,"Change in residence (move to a different town, city, or state).","Cambio de residencia (traslado a otro pueblo, ciudad o estado).",Änderung des Wohnsitzes (Umzug in eine andere Stadt oder ein anderes Bundesland).,,
parent_survey_family_193,SelfLifeChanges25,Yes,Sí,Ja,,
parent_survey_family_194,SelfLifeChanges25,No,,Nein,,
parent_survey_family_195,SelfLifeChanges26,Change in family get-togethers.,Cambios en los encuentros y reuniones de familia.,Änderung der Familienzusammenkünfte.,,
parent_survey_family_196,SelfLifeChanges26,Yes,Sí,Ja,,
parent_survey_family_197,SelfLifeChanges26,No,,Nein,,
parent_survey_family_198,SelfLifeChanges27,Major change in health or behavior of family member.,Cambio importante en la salud o el comportamiento de un miembro de la familia.,Wesentliche Änderung des Gesundheitszustands oder Verhaltens eines Familienmitglieds.,,
parent_survey_family_199,SelfLifeChanges27,Yes,Sí,Ja,,
parent_survey_family_200,SelfLifeChanges27,No,,Nein,,
parent_survey_family_201,SelfLifeChanges28,Marriage.,Matrimonio.,Heirat.,,
parent_survey_family_202,SelfLifeChanges28,Yes,Sí,Ja,,
parent_survey_family_203,SelfLifeChanges28,No,,Nein,,
parent_survey_family_204,SelfLifeChanges29,Pregnancy.,Embarazo.,Schwangerschaft.,,
parent_survey_family_205,SelfLifeChanges29,Yes,Sí,Ja,,
parent_survey_family_206,SelfLifeChanges29,No,,Nein,,
parent_survey_family_207,SelfLifeChanges31,Gain of a new family member (birth of a child).,Llegada de un nuevo miembro a la familia (nacimiento de un niño(a)).,Zuwachs eines neuen Familienmitglieds (Geburt eines Kindes).,,
parent_survey_family_208,SelfLifeChanges31,Yes,Sí,Ja,,
parent_survey_family_209,SelfLifeChanges31,No,,Nein,,
parent_survey_family_210,SelfLifeChanges32,Gain of a new family member (adoption of a child).,Llegada de un nuevo miembro de la familia (adopción de un niño(a)).,Zuwachs eines neuen Familienmitglieds (Adoption eines Kindes).,,
parent_survey_family_211,SelfLifeChanges32,Yes,Sí,Ja,,
parent_survey_family_212,SelfLifeChanges32,No,,Nein,,
parent_survey_family_213,SelfLifeChanges33,Gain of a new family member (a relative moving in with you).,Llegada de un nuevo familiar (un pariente que se mudó a vivir con usted).,Zuwachs eines neuen Familienmitglieds (ein Verwandter zieht bei Ihnen ein).,,
parent_survey_family_214,SelfLifeChanges33,Yes,Sí,Ja,,
parent_survey_family_215,SelfLifeChanges33,No,,Nein,,
parent_survey_family_216,SelfLifeChanges34,Spouse beginning or ending work.,Inicio o terminación de empleo por parte de su cónyuge.,Ehepartner beginnt oder beendet seine Arbeit.,,
parent_survey_family_217,SelfLifeChanges34,Yes,Sí,Ja,,
parent_survey_family_218,SelfLifeChanges34,No,,Nein,,
parent_survey_family_219,SelfLifeChanges35,Child leaving home (to attend college).,Un menor de edad se va de casa (para seguir sus estudios).,Kind verlässt das Haus (um ein Studium zu beginnen).,,
parent_survey_family_220,SelfLifeChanges35,Yes,Sí,Ja,,
parent_survey_family_221,SelfLifeChanges35,No,,Nein,,
parent_survey_family_222,SelfLifeChanges36,Child leaving home (due to marriage).,Un menor de edad se va de casa (por matrimonio).,Kind verlässt das Elternhaus (weil es heiratet).,,
parent_survey_family_223,SelfLifeChanges36,Yes,Sí,Ja,,
parent_survey_family_224,SelfLifeChanges36,No,,Nein,,
parent_survey_family_225,SelfLifeChanges37,Child leaving home (for other reasons).,Un menor de edad se va de casa (por otros motivos).,Kind verlässt das Haus (aus anderen Gründen).,,
parent_survey_family_226,SelfLifeChanges37,Yes,Sí,Ja,,
parent_survey_family_227,SelfLifeChanges37,No,,Nein,,
parent_survey_family_228,SelfLifeChanges38,Change in arguments with spouse.,Cambios en el tipo y forma de las discusiones con el cónyuge.,Änderung der Streitigkeiten mit dem Ehepartner.,,
parent_survey_family_229,SelfLifeChanges38,Yes,Sí,Ja,,
parent_survey_family_230,SelfLifeChanges38,No,,Nein,,
parent_survey_family_231,SelfLifeChanges39,In-law problems.,Problemas con los suegros.,Schwiegerelternprobleme.,,
parent_survey_family_232,SelfLifeChanges39,Yes,Sí,Ja,,
parent_survey_family_233,SelfLifeChanges39,No,,Nein,,
parent_survey_family_234,SelfLifeChanges40,Change to the marital status of your parents (divorce).,Cambio en el estado civil de sus padres (divorcio).,Änderung des Ehestandes Ihrer Eltern (Scheidung).,,
parent_survey_family_235,SelfLifeChanges40,Yes,Sí,Ja,,
parent_survey_family_236,SelfLifeChanges40,No,,Nein,,
parent_survey_family_237,SelfLifeChanges41,Change to the marital status of your parents (remarriage).,Cambio de estado civil de sus padres (segundas nupcias).,Änderung des Ehestandes Ihrer Eltern (erneute Heirat).,,
parent_survey_family_238,SelfLifeChanges41,Yes,Sí,Ja,,
parent_survey_family_239,SelfLifeChanges41,No,,Nein,,
parent_survey_family_240,SelfLifeChanges42,Separation from spouse (due to work).,Separación del cónyuge (por motivos de trabajo).,Trennung vom Ehepartner (aus beruflichen Gründen).,,
parent_survey_family_241,SelfLifeChanges42,Yes,Sí,Ja,,
parent_survey_family_242,SelfLifeChanges42,No,,Nein,,
parent_survey_family_243,SelfLifeChanges43,Separation from spouse (due to marital problems).,Separación del cónyuge (por problemas conyugales).,Trennung vom Ehepartner (aufgrund von Eheproblemen).,,
parent_survey_family_244,SelfLifeChanges43,Yes,Sí,Ja,,
parent_survey_family_245,SelfLifeChanges43,No,,Nein,,
parent_survey_family_246,SelfLifeChanges44,Divorce.,Divorcio.,Scheidung.,,
parent_survey_family_247,SelfLifeChanges44,Yes,Sí,Ja,,
parent_survey_family_248,SelfLifeChanges44,No,,Nein,,
parent_survey_family_249,SelfLifeChanges45,Birth of a grandchild.,Nacimiento de un nieto.,Geburt eines Enkelkindes.,,
parent_survey_family_250,SelfLifeChanges45,Yes,Sí,Ja,,
parent_survey_family_251,SelfLifeChanges45,No,,Nein,,
parent_survey_family_252,SelfLifeChanges46,Death of a spouse.,Fallecimiento del cónyuge.,Tod eines Ehepartners.,,
parent_survey_family_253,SelfLifeChanges46,Yes,Sí,Ja,,
parent_survey_family_254,SelfLifeChanges46,No,,Nein,,
parent_survey_family_255,SelfLifeChanges47,Death of other family member (child).,Fallecimiento de otro familiar (hijo o hija).,Tod eines anderen Familienmitglieds (Kind).,,
parent_survey_family_256,SelfLifeChanges47,Yes,Sí,Ja,,
parent_survey_family_257,SelfLifeChanges47,No,,Nein,,
parent_survey_family_258,SelfLifeChanges48,Death of other family member (brother or sister).,Fallecimiento de otro familiar (hermano o hermana).,Tod eines anderen Familienmitglieds (Bruder oder Schwester).,,
parent_survey_family_259,SelfLifeChanges48,Yes,Sí,Ja,,
parent_survey_family_260,SelfLifeChanges48,No,,Nein,,
parent_survey_family_261,SelfLifeChanges49,Death of other family member (parent).,Fallecimiento de otro familiar (padre o madre).,Tod eines anderen Familienmitglieds (Elternteil).,,
parent_survey_family_262,SelfLifeChanges49,Yes,Sí,Ja,,
parent_survey_family_263,SelfLifeChanges49,No,,Nein,,
parent_survey_family_264,SelfLifeChangesPersonal,Personal and Social:,Personal y Social:,Persönlich und sozial:,,
parent_survey_family_265,SelfLifeChanges50,Change in personal habits.,Cambio de hábitos personales.,Änderung der persönlichen Gewohnheiten.,,
parent_survey_family_266,SelfLifeChanges50,Yes,Sí,Ja,,
parent_survey_family_267,SelfLifeChanges50,No,,Nein,,
parent_survey_family_268,SelfLifeChanges51,Beginning or ending school or college.,Inicio o culminación de escuela o universidad.,Beginn oder Ende der Schule oder des Studiums.,,
parent_survey_family_269,SelfLifeChanges51,Yes,Sí,Ja,,
parent_survey_family_270,SelfLifeChanges51,No,,Nein,,
parent_survey_family_271,SelfLifeChanges52,Change of school or college.,Cambio de colegio o universidad.,Schul- oder Hochschulwechsel,,
parent_survey_family_272,SelfLifeChanges52,Yes,Sí,Ja,,
parent_survey_family_273,SelfLifeChanges52,No,,Nein,,
parent_survey_family_274,SelfLifeChanges53,Change in political beliefs.,Cambio de convicciones políticas.,Politische Überzeugung geändert.,,
parent_survey_family_275,SelfLifeChanges53,Yes,Sí,Ja,,
parent_survey_family_276,SelfLifeChanges53,No,,Nein,,
parent_survey_family_277,SelfLifeChanges54,Change in religious beliefs.,Cambio de creencias religiosas.,Religiöse Überzeugung geändert.,,
parent_survey_family_278,SelfLifeChanges54,Yes,Sí,Ja,,
parent_survey_family_279,SelfLifeChanges54,No,,Nein,,
parent_survey_family_280,SelfLifeChanges55,Change in social activities.,Cambio de actividades sociales.,Änderung der sozialen Aktivitäten.,,
parent_survey_family_281,SelfLifeChanges55,Yes,Sí,Ja,,
parent_survey_family_282,SelfLifeChanges55,No,,Nein,,
parent_survey_family_283,SelfLifeChanges56,Vacation.,Vacaciones.,Urlaub.,,
parent_survey_family_284,SelfLifeChanges56,Yes,Sí,Ja,,
parent_survey_family_285,SelfLifeChanges56,No,,Nein,,
parent_survey_family_286,SelfLifeChanges57,"New, close, personal relationship.",Nueva relación personal cercana.,"Neue, enge, persönliche Beziehung.",,
parent_survey_family_287,SelfLifeChanges57,Yes,Sí,Ja,,
parent_survey_family_288,SelfLifeChanges57,No,,Nein,,
parent_survey_family_289,SelfLifeChanges58,Engagement to marry.,Compromiso de matrimonio.,Verlobung und Heirat.,,
parent_survey_family_290,SelfLifeChanges58,Yes,Sí,Ja,,
parent_survey_family_291,SelfLifeChanges58,No,,Nein,,
parent_survey_family_292,SelfLifeChanges59,Girlfriend or boyfriend problems.,Problemas con la novia o el novio.,Probleme mit der Freundin oder dem Freund.,,
parent_survey_family_293,SelfLifeChanges59,Yes,Sí,Ja,,
parent_survey_family_294,SelfLifeChanges59,No,,Nein,,
parent_survey_family_295,SelfLifeChanges61,"""Falling out"" of a close personal relationship.",Se rompió una relación personal cercana.,"""Aussteigen"" aus einer engen persönlichen Beziehung.",,
parent_survey_family_296,SelfLifeChanges61,Yes,Sí,Ja,,
parent_survey_family_297,SelfLifeChanges61,No,,Nein,,
parent_survey_family_298,SelfLifeChanges62,An accident.,Un accidente.,Ein Unfall.,,
parent_survey_family_299,SelfLifeChanges62,Yes,Sí,Ja,,
parent_survey_family_300,SelfLifeChanges62,No,,Nein,,
parent_survey_family_301,SelfLifeChanges63,Minor violation of the law.,Infracción leve de la ley.,Geringfügiger Verstoß gegen das Gesetz.,,
parent_survey_family_302,SelfLifeChanges63,Yes,Sí,Ja,,
parent_survey_family_303,SelfLifeChanges63,No,,Nein,,
parent_survey_family_304,SelfLifeChanges65,Death of a close friend.,Muerte de un amigo cercano.,Tod eines engen Freundes.,,
parent_survey_family_305,SelfLifeChanges65,Yes,Sí,Ja,,
parent_survey_family_306,SelfLifeChanges65,No,,Nein,,
parent_survey_family_307,SelfLifeChanges66,Major decision regarding your immediate future.,Decisión importante sobre su futuro inmediato.,Wichtige Entscheidung über Ihre unmittelbare Zukunft.,,
parent_survey_family_308,SelfLifeChanges66,Yes,Sí,Ja,,
parent_survey_family_309,SelfLifeChanges66,No,,Nein,,
parent_survey_family_310,SelfLifeChanges67,Major personal achievement.,Mayor logro personal.,Großer persönlicher Erfolg.,,
parent_survey_family_311,SelfLifeChanges67,Yes,Sí,Ja,,
parent_survey_family_312,SelfLifeChanges67,No,,Nein,,
parent_survey_family_313,SelfLifeChangesFinancial,Financial:,Financiera:,Finanzen:,,
parent_survey_family_314,SelfLifeChanges68,Major change in finances (increased income).,Cambio importante en las finanzas (aumento de los ingresos).,Größere Veränderung der Finanzen (höheres Einkommen).,,
parent_survey_family_315,SelfLifeChanges68,Yes,Sí,Ja,,
parent_survey_family_316,SelfLifeChanges68,No,,Nein,,
parent_survey_family_317,SelfLifeChanges69,Major change in finances (decreased income).,Cambio importante en las finanzas (disminución de ingresos).,Starke Veränderung der Finanzen (Einkommensrückgang).,,
parent_survey_family_318,SelfLifeChanges69,Yes,Sí,Ja,,
parent_survey_family_319,SelfLifeChanges69,No,,Nein,,
parent_survey_family_320,SelfLifeChanges70,Major change in finances (investment and/or credit difficulties).,Cambio importante en las finanzas (dificultades de inversión y/o de crédito).,Größere Veränderung der Finanzen (Investitions- und/oder Kreditschwierigkeiten).,,
parent_survey_family_321,SelfLifeChanges70,Yes,Sí,Ja,,
parent_survey_family_322,SelfLifeChanges70,No,,Nein,,
parent_survey_family_323,SelfLifeChanges71,Loss or damage of personal property.,Pérdida o deterioro de bienes personales.,Verlust oder Beschädigung von persönlichem Eigentum.,,
parent_survey_family_324,SelfLifeChanges71,Yes,Sí,Ja,,
parent_survey_family_325,SelfLifeChanges71,No,,Nein,,
parent_survey_family_326,SelfLifeChanges72,Moderate purchase.,Compra moderada.,Mittelgroße Anschaffung.,,
parent_survey_family_327,SelfLifeChanges72,Yes,Sí,Ja,,
parent_survey_family_328,SelfLifeChanges72,No,,Nein,,
parent_survey_family_329,SelfLifeChanges73,Major purchase.,Compra importante.,Größere Anschaffung.,,
parent_survey_family_330,SelfLifeChanges73,Yes,Sí,Ja,,
parent_survey_family_331,SelfLifeChanges73,No,,Nein,,
parent_survey_family_332,SelfLifeChanges74,Foreclosure on a mortgage or loan.,Ejecución de una hipoteca o préstamo.,Zwangsvollstreckung einer Hypothek oder eines Kredits.,,
parent_survey_family_333,SelfLifeChanges74,Yes,Sí,Ja,,
parent_survey_family_334,SelfLifeChanges74,No,,Nein,,
parent_survey_family_335,SelfMcArthurCountry,"<b>Instructions:</b> Think of this line as representing where people stand in the <i>country where you live</i>. To the <b>right</b> are the people who are the best off - those who have the most money, the most education, and the most respected jobs. To the <b>left</b> are the people who are the worst off - those who have the least money, the least education, the least respected jobs, or no job. The further to the right you are on the line, the closer you are to the people at the very top; the further to the left you are, the closer you are to the people at the very bottom.<br><b>Where would you place yourself on this line?</b><br>Move the slider to where you think you stand at this time in your life relative to other people in your country.","<b>Instrucciones:</b> Piense que esta línea representa la situación de la gente en <i>el país en el que vive</i>. <b>A la derecha</b> están las personas más acomodadas: las que tienen más dinero, más educación y los trabajos más respetados. <b>A la izquierda</b> están las personas que están en peor situación: las que tienen menos dinero, menos educación, los trabajos menos respetados o ningún trabajo. Cuanto más a la derecha se encuentre en la línea, más cerca estará de la gente que más tiene; cuanto más a la izquierda, más cerca estará de la gente que menos tiene.<br><b>¿Dónde se situaría usted en esta línea?</b><br>Mueva y ubique el círculo sobre la recta donde usted crea que encontrarse en este momento de su vida en relación con otras personas de su país.","<b>Anweisungen:</b> Stellen Sie sich vor, dass diese Linie zeigt, wo sich die Menschen<i>in dem Land, in dem Sie leben, befinden</i>. Auf der <b>rechten</b> Seite befinden sich die Menschen, denen es am besten geht - diejenigen, die das meiste Geld, die beste Ausbildung und die angesehensten Arbeitsplätze haben. Auf der <b>linken</b> Seite befinden sich die Menschen, denen es am schlechtesten geht - diejenigen, die das wenigste Geld, die geringste Bildung, die am wenigsten angesehenen Arbeitsplätze oder gar keinen Arbeitsplatz haben.Je weiter rechts Sie sich auf der Linie befinden, desto näher sind Sie den Menschen ganz oben; je weiter links Sie sind, desto näher sind Sie den Menschen ganz unten.<br><b>Wo würden Sie sich selbst auf dieser Linie einordnen?</b><br>Bewegen Sie den Schieberegler dorthin, wo Sie Ihrer Meinung nach im Vergleich zu anderen Menschen in Ihrem Land derzeit stehen.",,
parent_survey_family_336,SelfMcArthurCommunity,<b>Instructions:</b> Think of this line as representing where people stand in their <i>communities</i>. People define community in different ways; please define it in whatever way is most meaningful to you. To the <b>right</b> are people who have the highest standing in their community. To the <b>left</b> are the people who have the lowest standing in their community.<br><b>Where would you place yourself on this line?</b><br>Move the slider to where you think you stand at this time in your life relative to other people in your community.,"<b>Instrucciones:</b> Piense que esta línea representa la posición de las personas en sus <i>comunidades</i>. La gente define la comunidad de distintas maneras; por favor, piense en la definición que a usted le resulte más significativa. <b>A la derecha</b> están las personas que gozan de mayor prestigio en su comunidad. <b>A la izquierda</> están las personas que tienen menor prestigio en su comunidad.<br><b>¿Dónde se situaría en esta línea?</b><br>Mueve y ubique el círculo sobre la recta donde usted creas que encontrarse en este momento de su vida en relación con otras personas de su comunidad.","<b>Anweisungen:</b> Stellen Sie sich vor, dass diese Linie zeigt, wo die Menschen in ihren <i>Gemeinschaften</i> stehen. Menschen definieren Gemeinschaft auf unterschiedliche Weise; bitte definieren Sie sie so, wie es für Sie am sinnvollsten ist. Auf der <b>rechten</b> Seite stehen die Menschen, die den höchsten Stellenwert in ihrer Gemeinschaft haben. Auf der <b>linken</b> Seite befinden sich die Menschen, die den niedrigsten Stellenwert in ihrer Gemeinschaft haben.<br><b>Wo würden Sie sich auf dieser Linie einordnen?</b><br>Bewegen Sie den Schieberegler dorthin, wo Sie Ihrer Meinung nach im Vergleich zu den anderen Menschen in Ihrer Gemeinschaft stehen.",,
parent_survey_family_337,unknown,Start Survey,Comenzar Encuesta,Umfrage starten,,
parent_survey_family_338,unknown,Previous,Anterior,Zurück,,
parent_survey_family_339,unknown,Next,Siguiente,Weiter,,
parent_survey_family_340,unknown,Finish,Terminar,Beenden,,