identifier,labels,de,de_ch,en,es,es_ar,es_co,fr_ca,nl
TeacherSurveyIntro,teacher_survey_general,"<b><font face=Verdana size=4>Thank you for taking the time (~10 minutes) to respond to this survey!</b><br> <br> <p><font face=Verdana size=4>Some students who you teach are participating in a research project studying how children learn and develop. Your responses in this survey should apply to your classroom, school, and professional beliefs rather than to any one specific child. <br><br><b><font face=Verdana size=4>This survey has two parts: Part A and Part B.</b><br> <br> <p><font face=Verdana size=4>In Part A, the questions relate to your background and beliefs. <br><br>In Part B the questions are classroom specific. If you teach more than one class of students included in this project, you will complete Part B separately for each classroom. <br><br>If you teach a single subject, please complete the questions that relate to other subjects to the best of your knowledge or consult with a colleague for those details only. <br><br>Thank you for your participation! Your responses provide invaluable insight into the education of your students. <br><br>When you are ready to begin, select the “Start Survey” button. <br><br><b><font face=Verdana size=4>Thank you!","<b><font face=Verdana size=4>Thank you for taking the time (~10 minutes) to respond to this survey!</b><br> <br> <p><font face=Verdana size=4>Some students who you teach are participating in a research project studying how children learn and develop. Your responses in this survey should apply to your classroom, school, and professional beliefs rather than to any one specific child. <br><br><b><font face=Verdana size=4>This survey has two parts: Part A and Part B.</b><br> <br> <p><font face=Verdana size=4>In Part A, the questions relate to your background and beliefs. <br><br>In Part B the questions are classroom specific. If you teach more than one class of students included in this project, you will complete Part B separately for each classroom. <br><br>If you teach a single subject, please complete the questions that relate to other subjects to the best of your knowledge or consult with a colleague for those details only. <br><br>Thank you for your participation! Your responses provide invaluable insight into the education of your students. <br><br>When you are ready to begin, select the “Start Survey” button. <br><br><b><font face=Verdana size=4>Thank you!","<b><font face=Verdana size=4>Thank you for taking the time (~10 minutes) to respond to this survey!</b><br> <br> <p><font face=Verdana size=4>Some students who you teach are participating in a research project studying how children learn and develop. Your responses in this survey should apply to your classroom, school, and professional beliefs rather than to any one specific child. <br><br><b><font face=Verdana size=4>This survey has two parts: Part A and Part B.</b><br> <br> <p><font face=Verdana size=4>In Part A, the questions relate to your background and beliefs. <br><br>In Part B the questions are classroom specific. If you teach more than one class of students included in this project, you will complete Part B separately for each classroom. <br><br>If you teach a single subject, please complete the questions that relate to other subjects to the best of your knowledge or consult with a colleague for those details only. <br><br>Thank you for your participation! Your responses provide invaluable insight into the education of your students. <br><br>When you are ready to begin, select the “Start Survey” button. <br><br><b><font face=Verdana size=4>Thank you!","<b><font face=Verdana size=4>¡Gracias por dedicarnos unos minutos de su tiempo (aproximadamente 10 minutos) para responder esta encuesta!</b><br> <br> <p><font face=Verdana size=4>Algunos de sus alumnos están participando en un proyecto de investigación que estudia cómo aprenden y se desarrollan los niños. Por favor conteste esta encuesta pensando para sus respuestas en su salón, colegio y creencias profesionales, pero no en un niño(a) en particular.<br><br><b><font face=Verdana size=4>Esta encuesta consta de dos partes: Parte A y Parte B.</b><br> <br> <p><font face=Verdana size=4>En la Parte A las preguntas indagan por sus antecedentes y creencias.<br><br>En la Parte B, las preguntas indagan por un aula en concreto. Si imparte clases a más de un grupo, responda a las preguntas considerando los salones en los que imparte clases en donde hay alumnos que participan en este proyecto. <br><br>Si enseña una sola asignatura, responda las preguntas relacionadas con otras asignaturas con la información que tenga disponible o consulte a un colega solo para indagar por esos detalles.<br><br>Gracias por su participación. Sus respuestas proporcionan una valiosa información sobre la educación de sus alumnos.<br><br>Cuando desee empezar, seleccione el botón Comenzar Encuesta.<br><br><b><font face=Verdana size=4>¡Gracias!","<b><font face=Verdana size=4>Thank you for taking the time (~10 minutes) to respond to this survey!</b><br> <br> <p><font face=Verdana size=4>Some students who you teach are participating in a research project studying how children learn and develop. Your responses in this survey should apply to your classroom, school, and professional beliefs rather than to any one specific child. <br><br><b><font face=Verdana size=4>This survey has two parts: Part A and Part B.</b><br> <br> <p><font face=Verdana size=4>In Part A, the questions relate to your background and beliefs. <br><br>In Part B the questions are classroom specific. If you teach more than one class of students included in this project, you will complete Part B separately for each classroom. <br><br>If you teach a single subject, please complete the questions that relate to other subjects to the best of your knowledge or consult with a colleague for those details only. <br><br>Thank you for your participation! Your responses provide invaluable insight into the education of your students. <br><br>When you are ready to begin, select the “Start Survey” button. <br><br><b><font face=Verdana size=4>Thank you!","<b><font face=Verdana size=4>Thank you for taking the time (~10 minutes) to respond to this survey!</b><br> <br> <p><font face=Verdana size=4>Some students who you teach are participating in a research project studying how children learn and develop. Your responses in this survey should apply to your classroom, school, and professional beliefs rather than to any one specific child. <br><br><b><font face=Verdana size=4>This survey has two parts: Part A and Part B.</b><br> <br> <p><font face=Verdana size=4>In Part A, the questions relate to your background and beliefs. <br><br>In Part B the questions are classroom specific. If you teach more than one class of students included in this project, you will complete Part B separately for each classroom. <br><br>If you teach a single subject, please complete the questions that relate to other subjects to the best of your knowledge or consult with a colleague for those details only. <br><br>Thank you for your participation! Your responses provide invaluable insight into the education of your students. <br><br>When you are ready to begin, select the “Start Survey” button. <br><br><b><font face=Verdana size=4>Thank you!","<b><font face=Verdana size=4>Thank you for taking the time (~10 minutes) to respond to this survey!</b><br> <br> <p><font face=Verdana size=4>Some students who you teach are participating in a research project studying how children learn and develop. Your responses in this survey should apply to your classroom, school, and professional beliefs rather than to any one specific child. <br><br><b><font face=Verdana size=4>This survey has two parts: Part A and Part B.</b><br> <br> <p><font face=Verdana size=4>In Part A, the questions relate to your background and beliefs. <br><br>In Part B the questions are classroom specific. If you teach more than one class of students included in this project, you will complete Part B separately for each classroom. <br><br>If you teach a single subject, please complete the questions that relate to other subjects to the best of your knowledge or consult with a colleague for those details only. <br><br>Thank you for your participation! Your responses provide invaluable insight into the education of your students. <br><br>When you are ready to begin, select the “Start Survey” button. <br><br><b><font face=Verdana size=4>Thank you!","<b><font face=Verdana size=4>Thank you for taking the time (~10 minutes) to respond to this survey!</b><br> <br> <p><font face=Verdana size=4>Some students who you teach are participating in a research project studying how children learn and develop. Your responses in this survey should apply to your classroom, school, and professional beliefs rather than to any one specific child. <br><br><b><font face=Verdana size=4>This survey has two parts: Part A and Part B.</b><br> <br> <p><font face=Verdana size=4>In Part A, the questions relate to your background and beliefs. <br><br>In Part B the questions are classroom specific. If you teach more than one class of students included in this project, you will complete Part B separately for each classroom. <br><br>If you teach a single subject, please complete the questions that relate to other subjects to the best of your knowledge or consult with a colleague for those details only. <br><br>Thank you for your participation! Your responses provide invaluable insight into the education of your students. <br><br>When you are ready to begin, select the “Start Survey” button. <br><br><b><font face=Verdana size=4>Thank you!"
TeacherIntroPartA,teacher_survey_general,"<b><font face=Verdana size=3>PART A: </b><font face=Verdana size=3>The following questions ask about your background, the school where you teach, your feelings about your job, and your beliefs about teaching and children.","<b><font face=Verdana size=3>PART A: </b><font face=Verdana size=3>The following questions ask about your background, the school where you teach, your feelings about your job, and your beliefs about teaching and children.","<b><font face=Verdana size=3>PART A: </b><font face=Verdana size=3>The following questions ask about your background, the school where you teach, your feelings about your job, and your beliefs about teaching and children.","<b><font face=Verdana size=3>PARTE A: </b><font face=Verdana size=3>Las siguientes preguntas se refieren a sus antecedentes, el colegio en el que enseña, lo que piensa de su trabajo y sus creencias sobre la enseñanza y la niñez.","<b><font face=Verdana size=3>PART A: </b><font face=Verdana size=3>The following questions ask about your background, the school where you teach, your feelings about your job, and your beliefs about teaching and children.","<b><font face=Verdana size=3>PART A: </b><font face=Verdana size=3>The following questions ask about your background, the school where you teach, your feelings about your job, and your beliefs about teaching and children.","<b><font face=Verdana size=3>PART A: </b><font face=Verdana size=3>The following questions ask about your background, the school where you teach, your feelings about your job, and your beliefs about teaching and children.","<b><font face=Verdana size=3>PART A: </b><font face=Verdana size=3>The following questions ask about your background, the school where you teach, your feelings about your job, and your beliefs about teaching and children."
TeacherBackground,teacher_survey_general,<b>Dieses Set an Fragen beschäftigt sich mit Ihrem Hintergrund.</b>,<b>Dieses Set an Fragen beschäftigt sich mit Ihrem Hintergrund.</b>,<b>This set of questions asks about your background.</b>,<b>Este grupo de preguntas indaga por sus antecedentes.</b>,<b>Este grupo de preguntas indaga por sus antecedentes.</b>,<b>Este grupo de preguntas indaga por sus antecedentes.</b>,<b>Cet ensemble de questions porte sur vos antécédents.</b>,<b>Deze set vragen richt zich op uw achtergrond.</b>
TeacherAge,teacher_survey_general,Wie alt sind Sie aktuell?,Wie alt sind Sie derzeit?,What is your current age?,¿Cuál es su edad?,¿Cuál es su edad?,¿Cuál es su edad?,Quel est votre âge actuel ?,Wat is uw huidige leeftijd?
TeacherAge,teacher_survey_general,Lebensjahre,Lebensjahre,years of age,años,años,años,ans,leeftijdsjaren
TeacherGender,teacher_survey_general,Welches Geschlecht haben Sie?,Welches Geschlecht haben Sie?,What is your gender?,¿Cuál es su género?,¿Cuál es su género?,¿Cuál es su género?,Quel est votre sexe ?,Wat is uw geslacht?
TeacherGender,teacher_survey_general,,,,Femenino,,,,
TeacherGender,teacher_survey_general,,,,Femenino,,,,
TeacherGender,teacher_survey_general,,,,Femenino,,,,
TeacherGender,teacher_survey_general,Andere (bitte beschreiben),Andere (bitte beschreiben),Other (please describe),"Otro, describa","Otro, describa","Otro, describa",Autre (veuillez décrire),Anders (beschrijf alstublieft)
TeacherEducation,teacher_survey_general,Welchen höchstmöglichen Bildungsabschluss haben Sie abgeschlossen?,Welchen höchstmöglichen Bildungsabschluss haben Sie abgeschlossen?,What is the highest level of education you have completed?,¿Cuál es el nivel más alto de estudios que ha completado?,¿Cuál es el nivel más alto de estudios que ha completado?,¿Cuál es el nivel más alto de estudios que ha completado?,Quel est le plus haut niveau de formation que vous avez terminé ?,Wat is het hoogste opleidingsniveau dat u hebt voltooid?
TeacherEducation,teacher_survey_general,Hauptschulabschluss,Hauptschulabschluss,Less than high school,Primaria o bachillerato incompleto,Primaria o bachillerato incompleto,Primaria o bachillerato incompleto,Moins que le secondaire,Minder dan middelbare school
TeacherEducation,teacher_survey_general,Abitur oder gleichwertig,Abitur oder gleichwertig,GED or High school equivalency,Grado de bachiller o validación del bachillerato académico,Grado de bachiller o validación del bachillerato académico,Grado de bachiller o validación del bachillerato académico,Équivalence du secondaire ou diplôme de lycée,VWO of middelbaar schooldiploma (equivalent)
TeacherEducation,teacher_survey_general,Ausbildung,Ausbildung,Some college but no degree,"Inició estudios universitarios, pero no se ha graduado","Inició estudios universitarios, pero no se ha graduado","Inició estudios universitarios, pero no se ha graduado",Certaines études collégiales mais sans diplôme,Een beetje hogere school maar zonder diploma
TeacherEducation,teacher_survey_general,"Abitur oder gleichwertig, plus Fachausbildung oder Zertifikat","Abitur oder gleichwertig, plus Fachausbildung oder Zertifikat","High school diploma or equivalent, plus technical training or certificate",Grado de bachillerato técnico,Grado de bachillerato técnico,Grado de bachillerato técnico,"Diplôme de lycée ou équivalent, plus formation technique ou certificat","Middelbare school diploma of equivalent, plus technische training of certificaat"
TeacherEducation,teacher_survey_general,allgemeine oder fachgebundene Hochschulreife,allgemeine oder fachgebundene Hochschulreife,Associate's degree,Grado de programa técnico o tecnólogo,Grado de programa técnico o tecnólogo,Grado de programa técnico o tecnólogo,Diplôme d’associé,Associatiediploma
TeacherEducation,teacher_survey_general,Bachelorabschluss,Bachelorabschluss,Bachelor's degree,Grado de programa de pregrado,Grado de programa de pregrado,Grado de programa de pregrado,Baccalauréat,Bachelordiploma
TeacherEducation,teacher_survey_general,Masterabschluss,Masterabschluss,Master's degree,Grado de programa de maestría,Grado de programa de maestría,Grado de programa de maestría,Maîtrise,Masterdiploma
TeacherEducation,teacher_survey_general,Doktorgrad,Doktorgrad,Doctoral degree,Grado de programa de doctorado,Grado de programa de doctorado,Grado de programa de doctorado,Doctorat,Doctorale graad
TeacherUndergrad,teacher_survey_general,"Geben Sie Ihr Bachelor-Studienfach an. Markieren Sie ALLES, was zutrifft.","Geben Sie Ihr Bachelor-Studienfach an. Markieren Sie ALLES, was zutrifft.",Indicate your undergraduate field of study. Mark ALL that apply.,Indique su área de estudios en la licenciatura o el pregrado. Marque TODAS las que procedan.,Indique su área de estudios en la licenciatura o el pregrado. Marque TODAS las que procedan.,Indique su área de estudios en la licenciatura o el pregrado. Marque TODAS las que procedan.,Indiquez votre domaine de premier cycle. Cochez TOUTES les cases qui s'appliquent.,Geef uw bachelorstudierichting aan. Markeer ALLE die van toepassing zijn.
TeacherUndergrad,teacher_survey_general,Frühkindliche Bildung,Frühkindliche Bildung,Early childhood education,Educación de la primera infancia,Educación de la primera infancia,Educación de la primera infancia,Éducation de la petite enfance,Vroegkinderlijke educatie
TeacherUndergrad,teacher_survey_general,Grundschulpädagogik,Grundschulpädagogik,Elementary education,Educación primaria,Educación primaria,Educación primaria,Éducation élémentaire,Basisonderwijs
TeacherUndergrad,teacher_survey_general,Sonderpädagogik,Sonderpädagogik,Special education,Educación especial,Educación especial,Educación especial,Éducation spécialisée,Speciaal onderwijs
TeacherUndergrad,teacher_survey_general,Kindheitsentwicklung,Kindheitsentwicklung,Child development,Desarrollo infantil,Desarrollo infantil,Desarrollo infantil,Développement de l'enfant,Kinderontwikkeling
TeacherUndergrad,teacher_survey_general,Lese- und Schreibspezialist,Lese- und Schreibspezialist,Reading specialist,Especialista en lectoescritura,Especialista en lectoescritura,Especialista en lectoescritura,Spécialiste de la lecture,Leesspecialist
TeacherUndergrad,teacher_survey_general,Lehrplan und Unterricht,Lehrplan und Unterricht,Curriculum and instruction,Currículo y enseñanza,Currículo y enseñanza,Currículo y enseñanza,Curriculum et didactique,Curriculum en instructie
TeacherUndergrad,teacher_survey_general,Bilinguale/interkulturelle Bildung,Bilinguale/interkulturelle Bildung,Bilingual/bicultural education,Educación bilingüe y multicultural,Educación bilingüe y multicultural,Educación bilingüe y multicultural,Éducation bilingue/multiculturelle,Tweetalig/multicultureel onderwijs
TeacherUndergrad,teacher_survey_general,,,"Other education related major (ex: secondary education, educational psychology, education administration, music education, etc.). Please specify:","Otra especialidad de educación (p. ej.: Educación secundaria, Psicología educativa, Administración educativa, Educación musical, etc.). Especifique:",,,,
TeacherUndergrad,teacher_survey_general,Nicht-Bildung Hauptfächer. Bitte angeben:,Nicht-Bildung Hauptfächer. Bitte angeben:,Non-education major. Please specify:,Carrera o especialidad no educativa. Especifique:,Carrera o especialidad no educativa. Especifique:,Carrera o especialidad no educativa. Especifique:,Spécialité non liée à l'éducation. Veuillez spécifier :,Niet-onderwijsgerelateerde hoofdvak. Gelieve te specificeren:
TeacherUndergrad,teacher_survey_general,Andere. Bitte angeben:,Andere. Bitte angeben:,Other. Please specify:,Otra. Especifique:,Otra. Especifique:,Otra. Especifique:,Autre. Veuillez spécifier :,Andere. Gelieve te specificeren:
TeacherUndergradOtherEd,teacher_survey_general,Bitte geben Sie ein anderes bildungsrelevantes Hauptfach an:,Bitte geben Sie ein anderes bildungsrelevantes Hauptfach an:,Please specify other education related major:,Especifique otra especialidad relacionada con la educación:,Especifique otra especialidad relacionada con la educación:,Especifique otra especialidad relacionada con la educación:,Veuillez spécifier une autre spécialité liée à l'éducation :,Specificeer andere onderwijsgerelateerde hoofdrichting:
TeacherUndergradNonEd,teacher_survey_general,Bitte geben Sie das nicht-bildungsrelevante Hauptfach an:,Bitte geben Sie das nicht-bildungsrelevante Hauptfach an:,Please specify non-education major:,Especifique alguna especialidad no educativa:,Especifique alguna especialidad no educativa:,Especifique alguna especialidad no educativa:,Veuillez spécifier une spécialité non liée à l'éducation :,Specificeer niet-onderwijsgerelateerde hoofdrichting:
TeacherUndergradOther,teacher_survey_general,Bitte spezifizieren Sie ein anderes Hauptfach:,Bitte spezifizieren Sie ein anderes Hauptfach:,Please specify other major:,Especifique otra especialidad:,Especifique otra especialidad:,Especifique otra especialidad:,Veuillez spécifier une autre spécialité :,Specificeer andere hoofdrichting:
TeacherGrad,teacher_survey_general,"Geben Sie das Hauptfach Ihres höchsten akademischen Abschlusses an. Markieren Sie alles, was zutrifft.","Geben Sie das Hauptfach Ihres höchsten akademischen Abschlusses an. Markieren Sie alles, was zutrifft.",Indicate the major field of study of your highest graduate degree. Mark ALL that apply.,Indique el área de estudios del grado más alto obtenido por usted.  Marque TODAS las que procedan.,Indique el área de estudios del grado más alto obtenido por usted.  Marque TODAS las que procedan.,Indique el área de estudios del grado más alto obtenido por usted.  Marque TODAS las que procedan.,Indiquez le domaine de votre diplôme de deuxième cycle le plus élevé. Cochez TOUTES les cases qui s'appliquent.,Geef het belangrijkste studierichtingsgebied van uw hoogste graad aan. Markeer ALLE die van toepassing zijn.
TeacherGrad,teacher_survey_general,Frühkindliche Bildung,Frühkindliche Bildung,Early childhood education,Educación de la primera infancia,Educación de la primera infancia,Educación de la primera infancia,Éducation de la petite enfance,Vroegkinderlijke educatie
TeacherGrad,teacher_survey_general,Grundschulpädagogik,Grundschulpädagogik,Elementary education,Educación primaria,Educación primaria,Educación primaria,Éducation élémentaire,Basisonderwijs
TeacherGrad,teacher_survey_general,Sonderpädagogik,Sonderpädagogik,Special education,Educación especial,Educación especial,Educación especial,Éducation spécialisée,Speciaal onderwijs
TeacherGrad,teacher_survey_general,Kindheitsentwicklung,Kindheitsentwicklung,Child development,Desarrollo infantil,Desarrollo infantil,Desarrollo infantil,Développement de l'enfant,Kinderontwikkeling
TeacherGrad,teacher_survey_general,Lese- und Schreibspezialist,Lese- und Schreibspezialist,Reading specialist,Especialista en lectoescritura,Especialista en lectoescritura,Especialista en lectoescritura,Spécialiste de la lecture,Leesspecialist
TeacherGrad,teacher_survey_general,Lehrplan und Unterricht,Lehrplan und Unterricht,Curriculum and instruction,Currículo y enseñanza,Currículo y enseñanza,Currículo y enseñanza,Curriculum et didactique,Curriculum en instructie
TeacherGrad,teacher_survey_general,Bilinguale/interkulturelle Bildung,Bilinguale/interkulturelle Bildung,Bilingual/bicultural education,Educación bilingüe y multicultural,Educación bilingüe y multicultural,Educación bilingüe y multicultural,Éducation bilingue/multiculturelle,Tweetalig/multicultureel onderwijs
TeacherGrad,teacher_survey_general,,,"Other education related major (ex: secondary education, educational psychology, education administration, music education, etc.). Please specify:","Otra especialidad de educación (p. ej.: Educación secundaria, Psicología educativa, Administración educativa, Educación musical, etc.). Especifique:",,,,
TeacherGrad,teacher_survey_general,Nicht-Bildung Hauptfächer. Bitte angeben:,Nicht-Bildung Hauptfächer. Bitte angeben:,Non-education major. Please specify:,Carrera o especialidad no educativa. Especifique:,Carrera o especialidad no educativa. Especifique:,Carrera o especialidad no educativa. Especifique:,Spécialité non liée à l'éducation. Veuillez spécifier :,Niet-onderwijsgerelateerde hoofdvak. Gelieve te specificeren:
TeacherGrad,teacher_survey_general,Andere. Bitte angeben:,Andere. Bitte angeben:,Other. Please specify:,Otra. Especifique:,Otra. Especifique:,Otra. Especifique:,Autre. Veuillez spécifier :,Andere. Gelieve te specificeren:
TeacherGradOtherEd,teacher_survey_general,Bitte geben Sie ein anderes bildungsrelevantes Hauptfach an:,Bitte geben Sie ein anderes bildungsrelevantes Hauptfach an:,Please specify other education related major:,Especifique otra especialidad relacionada con la educación:,Especifique otra especialidad relacionada con la educación:,Especifique otra especialidad relacionada con la educación:,Veuillez spécifier une autre spécialité liée à l'éducation :,Specificeer andere onderwijsgerelateerde hoofdrichting:
TeacherGradNonEd,teacher_survey_general,Bitte geben Sie das nicht-bildungsrelevante Hauptfach an:,Bitte geben Sie das nicht-bildungsrelevante Hauptfach an:,Please specify non-education major:,Especifique alguna especialidad no educativa:,Especifique alguna especialidad no educativa:,Especifique alguna especialidad no educativa:,Veuillez spécifier une spécialité non liée à l'éducation :,Specificeer niet-onderwijsgerelateerde hoofdrichting:
TeacherGradOther,teacher_survey_general,Bitte spezifizieren Sie ein anderes Hauptfach:,Bitte spezifizieren Sie ein anderes Hauptfach:,Please specify other major:,Especifique otra especialidad:,Especifique otra especialidad:,Especifique otra especialidad:,Veuillez spécifier une autre spécialité :,Specificeer andere hoofdrichting:
TeacherYears,teacher_survey_general,Wie lange sind Sie einschließlich dieses Schuljahres bereits als Lehrer tätig? (bitte auf das nächste Jahr aufrunden),Wie lange sind Sie einschließlich dieses Schuljahres bereits als Lehrer tätig? (bitte auf das nächste Jahr aufrunden),"Counting this school year, how many years have you been a schoolteacher? (please round to the nearest year)","Contando este año escolar, ¿durante cuántos años ha sido docente escolar? (por favor redondee hacia arriba al calcular al medio año )","Contando este año escolar, ¿durante cuántos años ha sido docente escolar? (por favor redondee hacia arriba al calcular al medio año)","Contando este año escolar, ¿durante cuántos años ha sido docente escolar? (por favor redondee hacia arriba al calcular al medio año)","En comptant cette année scolaire, combien d'années avez-vous été enseignant(e) scolaire ? (veuillez arrondir à l'année la plus proche)","Inclusief dit schooljaar, hoeveel jaar bent u al schooldocent? (afronden op het dichtstbijzijnde jaar)"
TeacherYears,teacher_survey_general,Weniger als ein Jahr,Weniger als ein Jahr,Less than one year,Menos de un año,Menos de un año,Menos de un año,Moins d'un an,Minder dan een jaar
TeacherYears,teacher_survey_general,1 bis 2 Jahre,1 bis 2 Jahre,1 to 2 years,1 a 2 años,1 a 2 años,1 a 2 años,1 à 2 ans,1 tot 2 jaar
TeacherYears,teacher_survey_general,3 bis 5 Jahre,3 bis 5 Jahre,3 to 5 years,3 a 5 años,3 a 5 años,3 a 5 años,3 à 5 ans,3 tot 5 jaar
TeacherYears,teacher_survey_general,6 bis 10 Jahre,6 bis 10 Jahre,6 to 10 years,6 a 10 años,6 a 10 años,6 a 10 años,6 à 10 ans,6 tot 10 jaar
TeacherYears,teacher_survey_general,Mehr als 10 Jahre,Über 10 Jahre,Over 10 years,Más de 10 años,Más de 10 años,Más de 10 años,Plus de 10 ans,Meer dan 10 jaar
TeacherSchool,teacher_survey_general,"<b>Dieses Set von Fragen bezieht sich auf die Schule, an der Sie derzeit unterrichten.</b>","<b>Dieses Set von Fragen bezieht sich auf die Schule, an der Sie derzeit unterrichten.</b>",<b>This set of questions asks about the school where you currently teach.</b>,<b>Este grupo de preguntas indaga por el colegio en el que enseña actualmente.</b>,<b>Este grupo de preguntas indaga por el colegio en el que enseña actualmente.</b>,<b>Este grupo de preguntas indaga por el colegio en el que enseña actualmente.</b>,<b>Cet ensemble de questions porte sur l'école où vous enseignez actuellement.</b>,<b>Deze set van vragen richt zich op de school waar u momenteel lesgeeft.</b>
TeacherYearsSchool,teacher_survey_general,"Zählen Sie dieses Schuljahr mit, wie lange lehren Sie <b>an dieser Schule</b>? (bitte auf das nächste Jahr aufrunden)","Zählen Sie dieses Schuljahr mit, wie lange lehren Sie <b>an dieser Schule</b>? (bitte auf das nächste Jahr aufrunden)","Counting this school year, how many years have you been teaching <b>at this school</b>? (please round to the nearest year)","Contando este año escolar, ¿durante cuántos años ha sido docente escolar <b>en este colegio</b>?","Contando este año escolar, ¿durante cuántos años ha sido docente escolar <b>en este colegio</b>?","Contando este año escolar, ¿durante cuántos años ha sido docente escolar <b>en este colegio</b>?","En comptant cette année scolaire, combien d'années avez-vous enseigné <b>dans cette école</b> ? (veuillez arrondir à l'année la plus proche)","Inclusief dit schooljaar, hoeveel jaar bent u docent <b>op deze school</b>? (afronden op het dichtstbijzijnde jaar)"
TeacherClimateItems,teacher_survey_general,"Bitte geben Sie an, wie sehr Sie den folgenden Aussagen über diese Schule zustimmen oder widersprechen.","Bitte geben Sie an, wie sehr Sie den folgenden Aussagen über diese Schule zustimmen oder widersprechen.",Please indicate how much you agree or disagree with the following statements about this school.,"Por favor, indique en qué medida está de acuerdo o en desacuerdo con las siguientes afirmaciones sobre este colegio.","Por favor, indique en qué medida está de acuerdo o en desacuerdo con las siguientes afirmaciones sobre este colegio.","Por favor, indique en qué medida está de acuerdo o en desacuerdo con las siguientes afirmaciones sobre este colegio.",Veuillez indiquer dans quelle mesure vous êtes d'accord ou non avec les affirmations suivantes concernant cette école.,Gelieve aan te geven in hoeverre u het eens of oneens bent met de volgende uitspraken over deze school.
TeacherClimateItems,teacher_survey_general,Stark ablehnen,Stark ablehnen,Strongly Disagree,Completamente en desacuerdo,Completamente en desacuerdo,Completamente en desacuerdo,Fortement en désaccord,Sterk mee oneens
TeacherClimateItems,teacher_survey_general,Nicht einverstanden,Nicht einverstanden,Disagree,En desacuerdo,En desacuerdo,En desacuerdo,En désaccord,Oneens
TeacherClimateItems,teacher_survey_general,Einverstanden,Einverstanden,Agree,De acuerdo,De acuerdo,De acuerdo,D'accord,Eens
TeacherClimateItems,teacher_survey_general,Stark zustimmen,Stark zustimmen,Strongly Agree,Completamente de acuerdo,Completamente de acuerdo,Completamente de acuerdo,Fortement d'accord,Sterk mee eens
TeacherClimateItems,teacher_survey_general,Ich fühle mich von den meisten Mitarbeitern als Kollege akzeptiert und respektiert.,Ich fühle mich von den meisten Mitarbeitern als Kollege akzeptiert und respektiert.,I feel accepted and respected as a colleague by most staff members.,Me siento aceptado y respetado como colega por la mayoría de los miembros del personal.,Me siento aceptado y respetado como colega por la mayoría de los miembros del personal.,Me siento aceptado y respetado como colega por la mayoría de los miembros del personal.,Je me sens accepté(e) et respecté(e) en tant que collègue par la plupart des membres du personnel.,Ik voel me geaccepteerd en gerespecteerd als collega door de meeste personeelsleden.
TeacherClimateItems,teacher_survey_general,Eltern unterstützen das Schulpersonal.,Eltern unterstützen das Schulpersonal.,Parents are supportive of school staff.,Los padres apoyan al personal del colegio.,Los padres apoyan al personal del colegio.,Los padres apoyan al personal del colegio.,Les parents soutiennent le personnel de l'école.,Ouders steunen het schoolpersoneel.
TeacherClimateItems,teacher_survey_general,Die Schüler fühlen sich in dieser Schule unterstützt und wohl.,Die Schüler fühlen sich in dieser Schule unterstützt und wohl.,Students feel supported and comfortable in this school.,Los alumnos se sienten apoyados y a gusto en este colegio.,Los alumnos se sienten apoyados y a gusto en este colegio.,Los alumnos se sienten apoyados y a gusto en este colegio.,Les élèves se sentent soutenus et à l'aise dans cette école.,Leerlingen voelen zich ondersteund en op hun gemak op deze school.
TeacherClimateItems,teacher_survey_general,Das Personal fühlt sich in dieser Schule unterstützt und wohl.,Das Personal fühlt sich in dieser Schule unterstützt und wohl.,Staff feel supported and comfortable in this school.,El personal se siente apoyado y a gusto en este colegio.,El personal se siente apoyado y a gusto en este colegio.,El personal se siente apoyado y a gusto en este colegio.,Le personnel se sent soutenu et à l'aise dans cette école.,Het personeel voelt zich ondersteund en op hun gemak op deze school.
TeacherClimateItems,teacher_survey_general,Die Schüler sind in dieser Schule sicher.,Die Schüler sind in dieser Schule sicher.,Students are safe when here at this school.,Los alumnos están seguros cuando están en este colegio.,Los alumnos están seguros cuando están en este colegio.,Los alumnos están seguros cuando están en este colegio.,Les élèves sont en sécurité lorsqu'ils viennent à cette école.,Leerlingen zijn veilig wanneer ze op deze school zijn.
TeacherClimateItems,teacher_survey_general,Das Personal ist in dieser Schule sicher.,Das Personal ist in dieser Schule sicher.,Staff are safe when here at this school.,El personal está seguro cuando está en este colegio.,El personal está seguro cuando está en este colegio.,El personal está seguro cuando está en este colegio.,Le personnel est en sécurité lorsqu'il vient à cette école.,Het personeel is veilig wanneer ze op deze school zijn.
TeacherClimateItems,teacher_survey_general,Die Einrichtungen und das Gelände dieser Schule sind gut gepflegt.,Die Einrichtungen und das Gelände dieser Schule sind gut gepflegt.,The facilities and property of this school are kept up well.,Las instalaciones y la propiedad de este colegio están bien mantenidos.,Las instalaciones y la propiedad de este colegio están bien mantenidos.,Las instalaciones y la propiedad de este colegio están bien mantenidos.,Les installations et la propriété de cette école sont bien entretenues.,De faciliteiten en het eigendom van deze school worden goed onderhouden.
TeacherClimateItems,teacher_survey_general,Die Einrichtungen und das Gelände dieser Schule sind sauber.,Die Einrichtungen und das Eigentum dieser Schule sind sauber.,The facilities and property of this school are clean.,Las instalaciones y la propiedad de este colegio están limpios.,Las instalaciones y la propiedad de este colegio están limpios.,Las instalaciones y la propiedad de este colegio están limpios.,Les installations et la propriété de cette école sont propres.,De faciliteiten en het eigendom van deze school zijn schoon.
TeacherClimateItems,teacher_survey_general,"Kontinuierliche Zusammenarbeit ist etwas, was die Erwachsenen in dieser Schule gut beherrschen.","Kontinuierliche Zusammenarbeit ist etwas, was die Erwachsenen in dieser Schule gut beherrschen.",Ongoing collaboration is something adults in this school do well.,La colaboración continua es algo que los adultos de este colegio hacen bien.,La colaboración continua es algo que los adultos de este colegio hacen bien.,La colaboración continua es algo que los adultos de este colegio hacen bien.,La collaboration continue est quelque chose que les adultes de cette école font bien.,Voortdurende samenwerking is iets wat volwassenen op deze school goed doen.
TeacherClimateItems,teacher_survey_general,"Erwachsene, die in dieser Schule arbeiten, haben starke berufliche Beziehungen.","Erwachsene, die in dieser Schule arbeiten, haben starke berufliche Beziehungen.",Adults working in this school have strong professional relationships.,Los adultos que trabajan en este colegio mantienen buenas relaciones personales.,Los adultos que trabajan en este colegio mantienen buenas relaciones personales.,Los adultos que trabajan en este colegio mantienen buenas relaciones personales.,Les adultes travaillant dans cette école entretiennent des relations professionnelles solides.,"Volwassenen die op deze school werken, hebben sterke professionele relaties."
TeacherClimateItems,teacher_survey_general,"Erwachsene, die in dieser Schule arbeiten, sind respektvoll und unterstützend zueinander.","Erwachsene, die in dieser Schule arbeiten, sind respektvoll und unterstützend zueinander.",Adults working in this school are respectful and supportive of one another.,Los adultos que trabajan en este colegio son respetuosos y se apoyan mutuamente.,Los adultos que trabajan en este colegio son respetuosos y se apoyan mutuamente.,Los adultos que trabajan en este colegio son respetuosos y se apoyan mutuamente.,Les adultes travaillant dans cette école se respectent et se soutiennent mutuellement.,Volwassenen die op deze school werken zijn respectvol en steunen elkaar.
TeacherFeelJob,teacher_survey_general,<b>Mit diesem Set von Fragen möchten wir mehr über die Gefühle der Lehrer in Bezug auf ihre Arbeit erfahren.</b>,<b>Mit diesem Set von Fragen möchten wir mehr über die Gefühle der Lehrer in Bezug auf ihre Arbeit erfahren.</b>,"<b>With this set of items, we wish to learn more about teachers' feelings about their job.</b>",<b>Con el siguiente grupo de preguntas queremos conocer cómo se sienten los docentes con relación a su trabajo.</b>,<b>Con el siguiente grupo de preguntas queremos conocer cómo se sienten los docentes con relación a su trabajo.</b>,<b>Con el siguiente grupo de preguntas queremos conocer cómo se sienten los docentes con relación a su trabajo.</b>,"<b>Avec cet ensemble d'éléments, nous souhaitons en savoir plus sur les sentiments des enseignants envers leur travail.</b>",<b>Met deze set items willen we meer te weten komen over de gevoelens van docenten over hun werk.</b>
TeacherFeelJobItems,teacher_survey_general,"Bitte wählen Sie eine Antwort aus, die angibt, wie oft Sie mit jeder der folgenden Aussagen übereinstimmen.","Bitte wählen Sie eine Antwort aus, die angibt, wie oft Sie mit jeder der folgenden Aussagen übereinstimmen.",Please select one answer that indicates how often you agree with each of the following statements.,"Por favor, seleccione una respuesta que indique con qué frecuencia usted está de acuerdo con cada una de las siguientes afirmaciones.","Por favor, seleccione una respuesta que indique con qué frecuencia usted está de acuerdo con cada una de las siguientes afirmaciones.","Por favor, seleccione una respuesta que indique con qué frecuencia usted está de acuerdo con cada una de las siguientes afirmaciones.",Veuillez sélectionner une réponse qui indique à quelle fréquence vous êtes d'accord avec chacune des affirmations suivantes.,Gelieve één antwoord te selecteren dat aangeeft hoe vaak u het eens bent met elk van de volgende uitspraken.
TeacherFeelJobItems,teacher_survey_general,Nie,Nie,Never,Nunca,Nunca,Nunca,Jamais,Nooit
TeacherFeelJobItems,teacher_survey_general,Einige Male im Jahr oder weniger,Einige Male im Jahr oder weniger,A few times a year or less,Algunas veces o menos al año,Algunas veces o menos al año,Algunas veces o menos al año,Quelques fois par an ou moins,Een paar keer per jaar of minder
TeacherFeelJobItems,teacher_survey_general,Einmal pro Monat oder weniger,Einmal pro Monat oder weniger,Once a month or less,Una vez o menos al mes,Una vez o menos al mes,Una vez o menos al mes,Une fois par mois ou moins,Één keer per maand of minder
TeacherFeelJobItems,teacher_survey_general,Ein paar Mal im Monat,Ein paar Mal im Monat,A few times a month,Algunas veces al mes,Algunas veces al mes,Algunas veces al mes,Quelques fois par mois,Een paar keer per maand
TeacherFeelJobItems,teacher_survey_general,Einmal pro Woche,Einmal pro Woche,Once a week,Una vez a la semana,Una vez a la semana,Una vez a la semana,Une fois par semaine,Één keer per week
TeacherFeelJobItems,teacher_survey_general,Ein paar Mal pro Woche,Ein paar Mal die Woche,A few times a week,Algunas veces a la semana,Algunas veces a la semana,Algunas veces a la semana,Quelques fois par semaine,Een paar keer per week
TeacherFeelJobItems,teacher_survey_general,Jeden Tag,Jeden Tag,Everyday,Todos los días,Todos los días,Todos los días,Tous les jours,Elke dag
TeacherFeelJobItems,teacher_survey_general,Ich fühle mich emotional ausgelaugt durch meine Arbeit.,Ich fühle mich emotional ausgelaugt durch meine Arbeit.,I feel emotionally drained from my work.,Me siento emocionalmente agotado(a) por mi trabajo.,Me siento emocionalmente agotado(a) por mi trabajo.,Me siento emocionalmente agotado(a) por mi trabajo.,Je me sens épuisé(e) émotionnellement par mon travail.,Ik voel me emotioneel uitgeput door mijn werk.
TeacherFeelJobItems,teacher_survey_general,"Ich fühle mich erschöpft, wenn ich morgens aufstehe und einen weiteren Arbeitstag vor mir habe.","Ich fühle mich erschöpft, wenn ich morgens aufstehe und einen weiteren Arbeitstag vor mir habe.",I feel fatigued when I get up in the morning and have to face another day on the job.,Me siento fatigado(a) cuando me levanto por la mañana y tengo que afrontar otro día en el trabajo.,Me siento fatigado(a) cuando me levanto por la mañana y tengo que afrontar otro día en el trabajo.,Me siento fatigado(a) cuando me levanto por la mañana y tengo que afrontar otro día en el trabajo.,Je me sens fatigué(e) quand je me lève le matin et que je dois affronter une nouvelle journée de travail.,Ik voel me vermoeid wanneer ik 's ochtends opsta en weer een dag op het werk moet doorbrengen.
TeacherFeelJobItems,teacher_survey_general,"Ich kann leicht nachvollziehen, wie meine Schüler zu den Dingen stehen.","Ich kann leicht nachvollziehen, wie meine Schüler zu den Dingen stehen.",I can easily understand how my students feel about things.,Puedo comprender fácilmente cómo se sienten mis alumnos.,Puedo comprender fácilmente cómo se sienten mis alumnos.,Puedo comprender fácilmente cómo se sienten mis alumnos.,Je comprends facilement comment mes élèves se sentent par rapport aux choses.,Ik kan gemakkelijk begrijpen hoe mijn leerlingen over dingen denken.
TeacherFeelJobItems,teacher_survey_general,Ich gehe sehr effektiv mit den Problemen meiner Schüler um.,Ich gehe sehr effektiv mit den Problemen meiner Schüler um.,I deal very effectively with the problems of my students.,Manejo de forma eficaz los problemas de mis alumnos.,Manejo de forma eficaz los problemas de mis alumnos.,Manejo de forma eficaz los problemas de mis alumnos.,Je gère très efficacement les problèmes de mes élèves.,Ik werk zeer effectief met de problemen van mijn leerlingen.
TeacherFeelJobItems,teacher_survey_general,Ich fühle mich von meiner Arbeit ausgebrannt.,Ich fühle mich von meiner Arbeit ausgebrannt.,I feel burned out from my work.,Me siento agotado(a) por mi trabajo.,Me siento agotado(a) por mi trabajo.,Me siento agotado(a) por mi trabajo.,Je me sens épuisé(e) par mon travail.,Ik voel me opgebrand door mijn werk.
TeacherFeelJobItems,teacher_survey_general,"Ich habe das Gefühl, dass ich durch meine Arbeit das Leben anderer Menschen positiv beeinflusse.","Ich habe das Gefühl, dass ich durch meine Arbeit das Leben anderer Menschen positiv beeinflusse.",I feel I'm positively influencing other people's lives through my work.,Siento que a través de mi trabajo influyo positivamente en la vida de otras personas.,Siento que a través de mi trabajo influyo positivamente en la vida de otras personas.,Siento que a través de mi trabajo influyo positivamente en la vida de otras personas.,"Je sens que, grâce à mon travail, j'influence positivement la vie d'autres personnes.",Ik voel dat ik een positieve invloed uitoefen op het leven van andere mensen door mijn werk.
TeacherFeelJobItems,teacher_survey_general,Ich fühle mich durch meine Arbeit frustriert.,Ich fühle mich durch meine Arbeit frustriert.,I feel frustrated by my job.,Me siento frustrado(a) por mi trabajo.,Me siento frustrado(a) por mi trabajo.,Me siento frustrado(a) por mi trabajo.,Je me sens frustré(e) par mon travail.,Ik voel me gefrustreerd door mijn werk.
TeacherFeelJobItems,teacher_survey_general,"Ich habe das Gefühl, dass ich in meinem Job zu hart arbeite.","Ich habe das Gefühl, dass ich in meinem Job zu hart arbeite.",I feel I'm working too hard on my job.,Siento que estoy estoy haciendo un esfuerzo muy grande en mi trabajo.,Siento que estoy estoy haciendo un esfuerzo muy grande en mi trabajo.,Siento que estoy estoy haciendo un esfuerzo muy grande en mi trabajo.,Je sens que je travaille trop dur dans mon emploi.,Ik voel dat ik te hard werk op mijn werk.
TeacherFeelJobItems,teacher_survey_general,Ich kann mit meinen Schülern leicht eine entspannte Atmosphäre schaffen.,Ich kann mit meinen Schülern leicht eine entspannte Atmosphäre schaffen.,I can easily create a relaxed atmosphere with my students.,Puedo crear fácilmente un ambiente relajado con mis alumnos.,Puedo crear fácilmente un ambiente relajado con mis alumnos.,Puedo crear fácilmente un ambiente relajado con mis alumnos.,Je peux facilement créer une atmosphère détendue avec mes élèves.,Ik kan gemakkelijk een ontspannen sfeer creëren met mijn leerlingen.
TeacherFeelJobItems,teacher_survey_general,"Ich fühle mich euphorisch, nachdem ich eng mit meinen Schülern zusammengearbeitet habe.","Ich fühle mich euphorisch, nachdem ich eng mit meinen Schülern zusammengearbeitet habe.",I feel exhilarated after working closely with my students.,Me siento eufórico(a) después de trabajar de manera cercana con mis alumnos.,Me siento eufórico(a) después de trabajar de manera cercana con mis alumnos.,Me siento eufórico(a) después de trabajar de manera cercana con mis alumnos.,Je me sens exalté(e) après avoir travaillé en étroite collaboration avec mes élèves.,Ik voel me opgetogen nadat ik nauw met mijn leerlingen heb samengewerkt.
TeacherFeelJobItems,teacher_survey_general,In diesem Job habe ich viele wertvolle Dinge erreicht.,In diesem Job habe ich viele wertvolle Dinge erreicht.,I have accomplished many worthwhile things in this job.,En este trabajo he logrado muchas cosas que valen la pena.,En este trabajo he logrado muchas cosas que valen la pena.,En este trabajo he logrado muchas cosas que valen la pena.,"Dans ce travail, j'ai accompli beaucoup de choses qui en valent la peine.",Ik heb veel waardevolle dingen bereikt in deze baan.
TeacherFeelJobItems,teacher_survey_general,"Ich habe das Gefühl, dass ich am Ende meiner Kräfte bin.","Ich habe das Gefühl, dass ich am Ende meiner Kräfte bin.",I feel like I'm at the end of my rope.,Siento que estoy al límite de mis fuerzas.,Siento que estoy al límite de mis fuerzas.,Siento que estoy al límite de mis fuerzas.,J’ai l'impression d'être à bout de nerfs.,Ik voel dat ik op het eind van mijn lat zit.
TeacherFeelJobItems,teacher_survey_general,In meiner Arbeit gehe ich sehr ruhig mit emotionalen Problemen um.,In meiner Arbeit gehe ich sehr ruhig mit emotionalen Problemen um.,"In my work, I deal with emotional problems very calmly.",En mi trabajo afronto los problemas emocionales con mucha calma.,En mi trabajo afronto los problemas emocionales con mucha calma.,En mi trabajo afronto los problemas emocionales con mucha calma.,"Dans mon travail, je gère très calmement les problèmes émotionnels.",In mijn werk ga ik zeer rustig om met emotionele problemen.
TeacherBeliefTeach,teacher_survey_general,"<b>Mit diesem Set an Fragen sollen die Aspekte erforscht werden, die Lehrern bei ihren schulischen Aktivitäten Schwierigkeiten bereiten.</b>","<b>Mit diesem Set an Fragen sollen die Aspekte erforscht werden, die Lehrern bei ihren schulischen Aktivitäten Schwierigkeiten bereiten.</b>",<b>This set of questions is designed to help us gain a better understanding of the kinds of things that create difficulties for teachers in their school activities.</b>,<b>El siguiente grupo de preguntas está diseñado para ayudarnos a comprender los aspectos que les generan dificultades a los docentes en sus actividades escolares.</b>,<b>El siguiente grupo de preguntas está diseñado para ayudarnos a comprender los aspectos que les generan dificultades a los docentes en sus actividades escolares.</b>,<b>El siguiente grupo de preguntas está diseñado para ayudarnos a comprender los aspectos que les generan dificultades a los docentes en sus actividades escolares.</b>,<b>Cet ensemble de questions est conçu pour nous aider à mieux comprendre les types de difficultés que rencontrent les enseignants dans leurs activités scolaires.</b>,<b>Deze set vragen is ontworpen om ons te helpen een beter inzicht te krijgen in de soorten dingen die docenten moeilijkheden veroorzaken in hun schoolactiviteiten.</b>
TeacherBeliefTeachItemsInfluence,teacher_survey_general,<b>Wie viel Einfluss haben Sie...</b>,<b>Wie viel Einfluss haben Sie...</b>,<b>How much influence do you have...</b>,<b>¿Cuánta influencia tiene usted...</b>,<b>¿Cuánta influencia tiene usted...</b>,<b>¿Cuánta influencia tiene usted...</b>,<b>Quelle influence avez-vous...</b>,<b>Hoeveel invloed heeft u...</b>
TeacherBeliefTeachItemsInfluence,teacher_survey_general,Nie,Nie,Never,Nada de influencia,Nada de influencia,Nada de influencia,Jamais,Nooit
TeacherBeliefTeachItemsInfluence,teacher_survey_general,Sehr wenig,Sehr wenig,Very Little,Muy poca influencia,Muy poca influencia,Muy poca influencia,Très peu d'influence,Zeer weinig
TeacherBeliefTeachItemsInfluence,teacher_survey_general,Etwas Einfluss,Etwas Einfluss,Some Influence,Algo de influencia,Algo de influencia,Algo de influencia,Un peu d'influence,Enige invloed
TeacherBeliefTeachItemsInfluence,teacher_survey_general,Ziemlich viel,Ziemlich viel,Quite a Bit,Suficiente influencia,Suficiente influencia,Suficiente influencia,Pas mal d'influence,Best wat
TeacherBeliefTeachItemsInfluence,teacher_survey_general,Sehr viel,Sehr viel,A Great Deal,Bastante influencia,Bastante influencia,Bastante influencia,Beaucoup d'influence,Heel veel
TeacherBeliefTeachItemsInfluence,teacher_survey_general,auf störendes Verhalten im Klassenzimmer?,auf störendes Verhalten im Klassenzimmer?,on disruptive behavior in the classroom?,en el comportamiento disruptivo en el salón?,en el comportamiento disruptivo en el salón?,en el comportamiento disruptivo en el salón?,sur le comportement perturbateur dans la classe ?,op storend gedrag in de klas?
TeacherBeliefTeachItemsInfluence,teacher_survey_general,"um Kinder zu motivieren, die wenig Interesse an Aktivitäten zeigen?","um Kinder zu motivieren, die wenig Interesse an Aktivitäten zeigen?",to motivate children who show low interest in activities?,para motivar a los niños(as) que muestran poco interés por las actividades?,para motivar a los niños(as) que muestran poco interés por las actividades?,para motivar a los niños(as) que muestran poco interés por las actividades?,pour motiver les enfants qui montrent peu d'intérêt pour les activités ?,"om kinderen die weinig interesse in activiteiten tonen, te motiveren?"
TeacherBeliefTeachItemsInfluence,teacher_survey_general,"um Kindern das Gefühl zu geben, dass sie Aktivitäten gut machen können?","um Kindern das Gefühl zu geben, dass sie Aktivitäten gut machen können?",to get children to believe they can do well on activities?,en que los niños(as) crean que pueden hacer bien las actividades?,en que los niños(as) crean que pueden hacer bien las actividades?,en que los niños(as) crean que pueden hacer bien las actividades?,à faire en sorte que les enfants croient pouvoir bien réussir les activités ?,om kinderen ervan te overtuigen dat ze goed kunnen presteren bij activiteiten?
TeacherBeliefTeachItemsInfluence,teacher_survey_general,"um Kindern in Ihrer (Ihren) Klasse(n) zu helfen, Bildung wertzuschätzen?","um Kindern in Ihrer (Ihren) Klasse(n) zu helfen, Bildung wertzuschätzen?",to help children in your classroom(s) value learning?,para ayudar a los niños(as) de su(s) aula(s) a valorar el aprendizaje?,para ayudar a los niños(as) de su(s) aula(s) a valorar el aprendizaje?,para ayudar a los niños(as) de su(s) aula(s) a valorar el aprendizaje?,pour aider les enfants dans votre(s) classe(s) à valoriser l'apprentissage ?,om kinderen in uw klas(sen) te helpen leren waarderen?
TeacherBeliefTeachItemsInfluence,teacher_survey_general,"um Kinder zu ermutigen, die Klassenzimmerregeln zu befolgen?","um Kinder zu ermutigen, die Klassenzimmerregeln zu befolgen?",on getting children to follow classroom rules?,para lograr que los niños(as) sigan las normas del salón?,para lograr que los niños(as) sigan las normas del salón?,para lograr que los niños(as) sigan las normas del salón?,pour faire respecter les règles de la classe par les enfants ?,op kinderen de klasregels te laten volgen?
TeacherBeliefTeachItemsInfluence,teacher_survey_general,um ein störendes oder lautes Kind zu beruhigen?,um ein störendes oder lautes Kind zu beruhigen?,on calming a child who is disruptive or noisy?,para calmar a un niño(a) problemático(a) o ruidoso(a)?,para calmar a un niño(a) problemático(a) o ruidoso(a)?,para calmar a un niño(a) problemático(a) o ruidoso(a)?,pour calmer un enfant perturbateur ou bruyant ?,om een storend of luid kind te kalmeren?
TeacherBeliefTeachItemsWell,teacher_survey_general,<b>Wie gut können Sie...</b>,<b>Wie gut können Sie...</b>,<b>How well can you...</b>,<b>¿Qué tan bien puede usted...</b>,<b>¿Qué tan bien puede usted...</b>,<b>¿Qué tan bien puede usted...</b>,<b>Que pouvez-vous faire...</b>,<b>Hoe goed kunt u...</b>
TeacherBeliefTeachItemsWell,teacher_survey_general,Gar nicht,Gar nicht,Not At All,Nada bien,Nada bien,Nada bien,Pas du tout,Helemaal niet
TeacherBeliefTeachItemsWell,teacher_survey_general,Sehr wenig,Sehr wenig,Very Little,Un poco bien,Un poco bien,Un poco bien,Très peu d'influence,Zeer weinig
TeacherBeliefTeachItemsWell,teacher_survey_general,Einigermaßen,Einigermaßen,Somewhat,Algo bien,Algo bien,Algo bien,Un peu,Enigszins
TeacherBeliefTeachItemsWell,teacher_survey_general,Ziemlich viel,Ziemlich viel,Quite a Bit,Suficientemente bien,Suficientemente bien,Suficientemente bien,Pas mal d'influence,Best wat
TeacherBeliefTeachItemsWell,teacher_survey_general,Sehr viel,Sehr viel,A Great Deal,Bastante bien,Bastante bien,Bastante bien,Beaucoup d'influence,Heel veel
TeacherBeliefTeachItemsWell,teacher_survey_general,ein Klassenzimmer-Management-System etablieren?,ein Klassenzimmer-Management-System etablieren?,establish a classroom management system?,establecer un sistema de gestión de aula?,establecer un sistema de gestión de aula?,establecer un sistema de gestión de aula?,établir un système de gestion de classe ?,een klassikale managementsysteem opzetten?
TeacherBeliefTeachItemsWell,teacher_survey_general,eine Vielzahl von Bewertungsstrategien nutzen?,eine Vielzahl von Bewertungsstrategien nutzen?,use a variety of assessment strategies?,utilizar diversas estrategias de evaluación?,utilizar diversas estrategias de evaluación?,utilizar diversas estrategias de evaluación?,utiliser une variété de stratégies d'évaluation ?,diverse beoordelingsstrategieën gebruiken?
TeacherBeliefTeachItemsWell,teacher_survey_general,"alternative Erklärungen oder Beispiele bieten, wenn Kinder verwirrt sind?","alternative Erklärungen oder Beispiele geben, wenn Kinder verwirrt sind?",provide alternative explanations or examples when children are confused?,proporcionar explicaciones alternativas o ejemplos cuando los niños(as) están confundidos?,proporcionar explicaciones alternativas o ejemplos cuando los niños(as) están confundidos?,proporcionar explicaciones alternativas o ejemplos cuando los niños(as) están confundidos?,fournir des explications alternatives ou des exemples lorsque les enfants sont confus ?,alternatieve uitleg of voorbeelden bieden wanneer kinderen verward zijn?
TeacherBeliefTeachItemsWell,teacher_survey_general,"Familien unterstützen, damit sie ihren Kindern helfen, in der Schule erfolgreich zu sein?","Familien unterstützen, damit sie ihren Kindern helfen, in der Schule erfolgreich zu sein?",assist families in helping their children do well in school?,ayudar a las familias a que sus hijos(as) les vaya bien en el colegio?,ayudar a las familias a que sus hijos(as) les vaya bien en el colegio?,ayudar a las familias a que sus hijos(as) les vaya bien en el colegio?,aider les familles à ce que leurs enfants réussissent à l'école ?,gezinnen helpen hun kinderen te laten slagen op school?
TeacherBeliefTeachItemsWell,teacher_survey_general,alternative Strategien in Ihrer (Ihren) Klasse(n) umsetzen?,alternative Strategien in Ihrer (Ihren) Klasse(n) umsetzen?,implement alternative strategies in your classroom(s)?,implementar estrategias alternas en su(s) aulas?,implementar estrategias alternas en su(s) aulas?,implementar estrategias alternas en su(s) aulas?,mettre en œuvre des stratégies alternatives dans votre(s) classe(s) ?,alternatieve strategieën in uw klas(sen) implementeren?
TeacherBeliefTeachItemsWell,teacher_survey_general,gute Fragen für Kinder in Ihrer (Ihren) Klasse(n) erstellen?,gute Fragen für Kinder in Ihrer (Ihren) Klasse(n) erstellen?,create good questions for children in your classroom(s)?,elaborar buenas preguntas para los niños(as) de su(s) aula(s)?,elaborar buenas preguntas para los niños(as) de su(s) aula(s)?,elaborar buenas preguntas para los niños(as) de su(s) aula(s)?,créer de bonnes questions pour les enfants dans votre(s) classe(s) ?,goede vragen maken voor kinderen in uw klas(sen)?
TeacherIdeasChildren,teacher_survey_general,<b>Mit diesem Set von Fragen möchten wir mehr über die Ideen und Überzeugungen von Lehrern über Kinder erfahren.</b>,<b>Mit diesem Fragesatz möchten wir mehr über die Ideen und Überzeugungen der Lehrer über Kinder erfahren.</b>,"<b>With this set of items, we wish to learn more about teachers' ideas and beliefs about children.</b>",<b>Con el siguiente grupo de preguntas deseamos conocer las ideas y creencias de los docentes sobre los niños(as).</b>,<b>Con el siguiente grupo de preguntas deseamos conocer las ideas y creencias de los docentes sobre los niños(as).</b>,<b>Con el siguiente grupo de preguntas deseamos conocer las ideas y creencias de los docentes sobre los niños(as).</b>,"<b>Avec cet ensemble d'éléments, nous souhaitons en savoir plus sur les idées et les croyances des enseignants concernant les enfants.</b>",<b>Met deze set items willen we meer te weten komen over de ideeën en overtuigingen van docenten over kinderen.</b>
TeacherIdeasChildrenItems,teacher_survey_general,"Bitte wählen Sie eine Antwort aus, die angibt, wie sehr Sie den folgenden Aussagen zustimmen.","Bitte wählen Sie eine Antwort aus, die angibt, wie sehr Sie den folgenden Aussagen zustimmen.",Please select one answer that indicates how strongly you agree with each of the following statements.,"Por favor, seleccione una respuesta que indique hasta qué punto usted está de acuerdo con cada una de las siguientes afirmaciones.","Por favor, seleccione una respuesta que indique hasta qué punto usted está de acuerdo con cada una de las siguientes afirmaciones.","Por favor, seleccione una respuesta que indique hasta qué punto usted está de acuerdo con cada una de las siguientes afirmaciones.",Veuillez sélectionner une réponse qui indique à quel point vous êtes d'accord avec chacune des affirmations suivantes.,Gelieve één antwoord te selecteren dat aangeeft hoe sterk u het eens bent met elk van de volgende uitspraken.
TeacherIdeasChildrenItems,teacher_survey_general,Stark ablehnen,Stark ablehnen,Strongly Disagree,Completamente en desacuerdo,Completamente en desacuerdo,Completamente en desacuerdo,Fortement en désaccord,Sterk mee oneens
TeacherIdeasChildrenItems,teacher_survey_general,Leicht ablehnen,Leicht ablehnen,Mildly Disagree,En desacuerdo,En desacuerdo,En desacuerdo,Légèrement en désaccord,Lichtelijk mee oneens
TeacherIdeasChildrenItems,teacher_survey_general,Leicht zustimmen,Leicht zustimmen,Mildly Agree,De acuerdo,De acuerdo,De acuerdo,Légèrement d'accord,Lichtelijk mee eens
TeacherIdeasChildrenItems,teacher_survey_general,Stark zustimmen,Stark zustimmen,Strongly Agree,Completamente de acuerdo,Completamente de acuerdo,Completamente de acuerdo,Fortement d'accord,Sterk mee eens
TeacherIdeasChildrenItems,teacher_survey_general,"Da Eltern keine besondere Ausbildung im Bereich Bildung haben, sollten sie die Lehrmethoden der Lehrer nicht in Frage stellen.","Da Eltern keine besondere Ausbildung im Bereich Bildung haben, sollten sie die Lehrmethoden der Lehrer nicht in Frage stellen.","Since parents lack special training in education, they should not question the teacher's teaching methods.","Dado que los padres carecen de formación especial en educación, no deberían cuestionar los métodos de enseñanza del docente.","Dado que los padres carecen de formación especial en educación, no deberían cuestionar los métodos de enseñanza del docente.","Dado que los padres carecen de formación especial en educación, no deberían cuestionar los métodos de enseñanza del docente.","Étant donné que les parents n'ont pas de formation spéciale en éducation, ils ne devraient pas remettre en question les méthodes pédagogiques de l'enseignant.","Aangezien ouders geen speciale opleiding in onderwijs hebben, zouden ze de lesmethoden van de docent niet in twijfel moeten trekken."
TeacherIdeasChildrenItems,teacher_survey_general,Kinder sollten unabhängig von ihren Unterschieden gleich behandelt werden.,Kinder sollten unabhängig von ihren Unterschieden gleich behandelt werden.,Children should be treated the same regardless of differences among them.,Los niños(as) deben recibir el mismo trato a pesar de sus diferencias.,Los niños(as) deben recibir el mismo trato a pesar de sus diferencias.,Los niños(as) deben recibir el mismo trato a pesar de sus diferencias.,"Les enfants devraient être traités de la même manière, quelles que soient leurs différences.","Kinderen moeten hetzelfde behandeld worden, ongeacht de verschillen tussen hen."
TeacherIdeasChildrenItems,teacher_survey_general,Kinder sollten dem Lehrer immer gehorchen.,Kinder sollten dem Lehrer immer gehorchen.,Children should always obey the teacher.,Los niños(as) siempre deben obedecer al docente.,Los niños(as) siempre deben obedecer al docente.,Los niños(as) siempre deben obedecer al docente.,Les élèves devraient toujours obéir à l'enseignant.,Kinderen moeten altijd gehoor geven aan de docent.
TeacherIdeasChildrenItems,teacher_survey_general,"Für ein Kind ist es wichtiger, sich auf die Zukunft vorzubereiten, als die Gegenwart zu genießen.","Für ein Kind ist es wichtiger, sich auf die Zukunft vorzubereiten, als die Gegenwart zu genießen.",Preparing for the future is more important for a child than enjoying today.,Prepararse para el futuro es más importante para un niño(a) que disfrutar del presente.,Prepararse para el futuro es más importante para un niño(a) que disfrutar del presente.,Prepararse para el futuro es más importante para un niño(a) que disfrutar del presente.,Se préparer pour l'avenir est plus important pour un enfant que de profiter du moment présent.,Voorbereiden op de toekomst is voor een kind belangrijker dan het heden te genieten.
TeacherIdeasChildrenItems,teacher_survey_general,"Kinder werden das Richtige nicht tun, es sei denn, sie müssen.","Kinder werden das Richtige nicht tun, es sei denn, sie müssen.",Children will not do the right thing unless they must.,Los niños(as) no harán lo correcto a menos que tengan que hacerlo.,Los niños(as) no harán lo correcto a menos que tengan que hacerlo.,Los niños(as) no harán lo correcto a menos que tengan que hacerlo.,Les enfants ne feront pas ce qui est bien à moins qu'ils ne soient obligés.,"Kinderen zullen het juiste niet doen, tenzij ze moeten."
TeacherIdeasChildrenItems,teacher_survey_general,"Kinder sollten ihren Eltern widersprechen dürfen, wenn sie glauben, dass ihre eigenen Ideen besser sind.","Kinder sollten ihren Eltern widersprechen dürfen, wenn sie glauben, dass ihre eigenen Ideen besser sind.",Children should be allowed to disagree with their parents if they feel their own ideas are better.,Los niños(as) deberían poder estar en desacuerdo con sus padres si creen que sus ideas son mejores.,Los niños(as) deberían poder estar en desacuerdo con sus padres si creen que sus ideas son mejores.,Los niños(as) deberían poder estar en desacuerdo con sus padres si creen que sus ideas son mejores.,Les enfants devraient être autorisés à être en désaccord avec leurs parents s'ils estiment que leurs idées sont meilleures.,Kinderen moeten het oneens kunnen zijn met hun ouders als zij vinden dat hun eigen ideeën beter zijn.
TeacherIdeasChildrenItems,teacher_survey_general,Kinder sollten mit Aufgaben und Studium zu Hause und in der Schule beschäftigt sein.,Kinder sollten mit Aufgaben und Studium zu Hause und in der Schule beschäftigt sein.,Children should be kept busy with work and study at home and at school.,Los niños(as) deberían mantenerse ocupados con tareas y estudio en la casa y en el colegio.,Los niños(as) deberían mantenerse ocupados con tareas y estudio en la casa y en el colegio.,Los niños(as) deberían mantenerse ocupados con tareas y estudio en la casa y en el colegio.,Les enfants devraient être tenus occupés par le travail et l'étude à la maison et à l'école.,Kinderen moeten druk bezig gehouden worden met werk en studie thuis en op school.
TeacherIdeasChildrenItems,teacher_survey_general,"Das Hauptziel der Bildung ist es, grundlegende Informationen in den Köpfen der Kinder zu verankern.","Das Hauptziel der Bildung ist es, grundlegende Informationen in den Köpfen der Kinder zu verankern.",The major goal of education is to put basic information into the minds of the children.,El principal objetivo de la educación es introducir información básica en la mente de los niños(as).,El principal objetivo de la educación es introducir información básica en la mente de los niños(as).,El principal objetivo de la educación es introducir información básica en la mente de los niños(as).,Le principal objectif de l'éducation est d'inculquer des informations de base aux enfants.,Het belangrijkste doel van onderwijs is om basale informatie in de hoofden van kinderen te stoppen.
TeacherIdeasChildrenItems,teacher_survey_general,"Um fair zu sein, muss ein Lehrer alle Kinder gleichermaßen behandeln.","Um fair zu sein, muss ein Lehrer alle Kinder gleichermaßen behandeln.","In order to be fair, a teacher must treat all children alike.","Para ser justo, un docente debe tratar a todos los niños(as) por igual.","Para ser justo, un docente debe tratar a todos los niños(as) por igual.","Para ser justo, un docente debe tratar a todos los niños(as) por igual.","Pour être juste, un enseignant doit traiter tous les enfants de la même manière.","Om eerlijk te zijn, moet een docent alle kinderen gelijk behandelen."
TeacherIdeasChildrenItems,teacher_survey_general,"Das Wichtigste, was man Kindern beibringen sollte, ist der absolute Gehorsam gegenüber allen Autoritäten.","Das Wichtigste, was man Kindern beibringen sollte, ist der absolute Gehorsam gegenüber allen Autoritäten.",The most important thing to teach children is absolute obedience to whoever is in authority.,La lección más importante para enseñarle a un niño(a) es obediencia absoluta a quien tiene la autoridad.,La lección más importante para enseñarle a un niño(a) es obediencia absoluta a quien tiene la autoridad.,La lección más importante para enseñarle a un niño(a) es obediencia absoluta a quien tiene la autoridad.,La chose la plus importante à apprendre aux enfants est l'obéissance absolue à ceux qui sont en position d'autorité.,Het belangrijkste om kinderen te leren is absolute gehoorzaamheid aan wie er gezag heeft.
TeacherIdeasChildrenItems,teacher_survey_general,"Kinder lernen am besten, indem sie Dinge selbst tun, anstatt anderen zuzuhören.","Kinder lernen am besten, indem sie Dinge selbst tun, anstatt anderen zuzuhören.",Children learn best by doing things themselves rather than listening to others.,Los niños(as) aprenden mejor haciendo las cosas ellos(as) mismos(as) que escuchando a otros(as).,Los niños(as) aprenden mejor haciendo las cosas ellos(as) mismos(as) que escuchando a otros(as).,Los niños(as) aprenden mejor haciendo las cosas ellos(as) mismos(as) que escuchando a otros(as).,Les enfants apprennent mieux en faisant eux-mêmes des choses plutôt qu'en écoutant les autres.,Kinderen leren het best door dingen zelf te doen in plaats van naar anderen te luisteren.
TeacherIdeasChildrenItems,teacher_survey_general,"Kinder müssen von klein auf sorgfältig erzogen werden, sonst machen sie ihre natürlichen Impulse unbeherrschbar.","Kinder müssen von klein auf sorgfältig erzogen werden, sonst machen sie ihre natürlichen Impulse unbeherrschbar.",Children must be carefully trained early in life or their natural impulses will make them unmanageable.,Los niños(as) deben ser entrenados(as) cuidadosamente desde muy pequeños o sus impulsos naturales los harán inmanejables.,Los niños(as) deben ser entrenados(as) cuidadosamente desde muy pequeños o sus impulsos naturales los harán inmanejables.,Los niños(as) deben ser entrenados(as) cuidadosamente desde muy pequeños o sus impulsos naturales los harán inmanejables.,Les enfants doivent être formés soigneusement dès leur jeune âge ou leurs impulsions naturelles les rendront ingérables.,"Kinderen moeten van jongs af aan zorgvuldig worden opgeleid, anders zullen hun natuurlijke impulsen hen onbeheerbaar maken."
TeacherIdeasChildrenItems,teacher_survey_general,Kinder haben das Recht auf ihren eigenen Standpunkt und sollten diesen auch äußern dürfen.,Kinder haben das Recht auf ihren eigenen Standpunkt und sollten diesen auch äußern dürfen.,Children have a right to their own point of view and should be allowed to express it.,Los niños(as) tienen derecho a tener su propio punto de vista y se les debe permitir expresarlo.,Los niños(as) tienen derecho a tener su propio punto de vista y se les debe permitir expresarlo.,Los niños(as) tienen derecho a tener su propio punto de vista y se les debe permitir expresarlo.,Les enfants ont le droit à leur propre point de vue et doivent être autorisés à l'exprimer.,Kinderen hebben recht op hun eigen mening en moeten deze mogen uiten.
TeacherIdeasChildrenItems,teacher_survey_general,"Das Lernen der Kinder resultiert hauptsächlich daraus, dass sie wiederholt mit grundlegenden Informationen konfrontiert werden.","Das Lernen der Kinder resultiert hauptsächlich daraus, dass sie wiederholt mit grundlegenden Informationen konfrontiert werden.",Children's learning results mainly from being presented basic information again and again.,El aprendizaje en los niños(as) resulta de que se les presente información básica una y otra vez.,El aprendizaje en los niños(as) resulta de que se les presente información básica una y otra vez.,El aprendizaje en los niños(as) resulta de que se les presente información básica una y otra vez.,L'apprentissage des enfants résulte principalement de la présentation répétée d'informations de base.,Het leren van kinderen komt voornamelijk voort uit het herhaaldelijk geboden worden van basisinformatie.
TeacherIdeasChildrenItems,teacher_survey_general,Kinder unterrichten gerne andere Kinder.,Kinder unterrichten gerne andere Kinder.,Children like to teach other children.,A los niños(as) les gusta enseñarle a otros niños(as).,A los niños(as) les gusta enseñarle a otros niños(as).,A los niños(as) les gusta enseñarle a otros niños(as).,Les enfants aiment enseigner à d'autres enfants.,Kinderen vinden het leuk om andere kinderen les te geven.
TeacherIdeasChildrenItems,teacher_survey_general,"Das Wichtigste, was man Kindern beibringen sollte, ist der absolute Gehorsam gegenüber den Eltern.","Das Wichtigste, was man Kindern beibringen sollte, ist der absolute Gehorsam gegenüber den Eltern.",The most important thing to teach children is absolute obedience to parents.,Lo más importante que hay que enseñar a los niños(as) es la obediencia absoluta a los padres.,Lo más importante que hay que enseñar a los niños(as) es la obediencia absoluta a los padres.,Lo más importante que hay que enseñar a los niños(as) es la obediencia absoluta a los padres.,La chose la plus importante à apprendre aux enfants est l'obéissance absolue aux parents.,Het belangrijkste voor kinderen om te leren is absolute gehoorzaamheid aan de ouders.
unknown,teacher_survey_general,Umfrage starten,,Start Survey,Comenzar Encuesta,,,,
unknown,teacher_survey_general,Zurück,,Previous,Anterior,,,,
unknown,teacher_survey_general,Weiter,,Next,Siguiente,,,,
unknown,teacher_survey_general,Beenden,,Finish,Terminar,,,,